{
"type": "FeatureCollection",
"name": "propiedades",
"crs": { "type": "name", "properties": { "name": "urn:ogc:def:crs:OGC:1.3:CRS84" } },
"features": [
{ "type": "Feature", "properties": { "id": "MER_CAS_0001", "titulo": "Casa ejemplo Visor", "precio": 800000, "folder": "MER_CAS_0001", "preview": "preview.jpg", "status": "venta", "moneda": "MXN", "recamaras": 1, "banos": 1, "superficie_m2": 180, "tipo": "casa", "lat": "20.94100052347732", "lng": "-89.6900825738084", "slug": "casa-tixcacal-opichen", "destacado": "si", "fecha": "2026-05-07", "descripcion": "bonita casa con acabados en pieda pulida", "fotos": "foto1.jpg,foto2.jpg,foto3.jpg", "estacionamiento": 2, "niveles": 1, "amueblado": "si", "antiguedad": 9, "frente_m": 8, "fondo_m": 10, "uso_suelo": "Habitacional", "coordenadas": "20.94100052347732,-89.6900825738084", "orientacion": "Sur", "elevacion_msnm": 12, "ciudad": "Mérida", "estado": "Yucatán", "transaccion": "venta", "vendido": "no" }, "geometry": { "type": "Polygon", "coordinates": [ [ [ -89.690122903340551, 20.941088351017235 ], [ -89.690098595700178, 20.940908582978366 ], [ -89.690040561475158, 20.940916104077594 ], [ -89.690068660344195, 20.941093410300123 ], [ -89.690122903340551, 20.941088351017235 ] ] ] } },
{ "type": "Feature", "properties": { "id": "MER_LOT_0002", "titulo": "Lote ejemplo visor", "precio": 1800000, "folder": "MER_LOT_0002", "preview": "preview.jpg", "status": "venta", "moneda": "MXN", "recamaras": 0, "banos": 0, "superficie_m2": 250, "tipo": "lote", "lat": "20.986463004755834", "lng": "-89.66973420271606", "slug": "lote-parque-municipal", "destacado": "no", "fecha": "2026-05-14", "descripcion": "terreno grande y espacioso para contruir local de comercio o casa amplia", "fotos": "foto1.jpg,foto2.jpg,foto3.jpg", "estacionamiento": 0, "niveles": 1, "amueblado": "no", "antiguedad": 18, "frente_m": 9, "fondo_m": 25, "uso_suelo": "Habitacional", "coordenadas": "20.986463004755834,-89.66973420271606", "orientacion": "Sur", "elevacion_msnm": 9, "ciudad": "Mérida", "estado": "Yucatán", "transaccion": "venta", "vendido": "no" }, "geometry": { "type": "Polygon", "coordinates": [ [ [ -89.670056881964996, 20.986818597133272 ], [ -89.669266338030511, 20.986374608229838 ], [ -89.66938420474284, 20.986098927228181 ], [ -89.670221114386209, 20.986561404674003 ], [ -89.670056881964996, 20.986818597133272 ] ] ] } },
{ "type": "Feature", "properties": { "id": "MER_LOT_0003", "titulo": "Lote ejemplo visor", "precio": 2000000, "folder": "MER_LOT_0003", "preview": "preview.jpg", "status": "venta", "moneda": "MXN", "recamaras": 0, "banos": 0, "superficie_m2": 290, "tipo": "lote", "lat": "21.0480241191471", "lng": "-89.62355501067604", "slug": "lote-periferico-norte", "destacado": "si", "fecha": "2026-05-06", "descripcion": "terreno cerca de periferico para tener buenos accesos a el mismo", "fotos": "foto1.jpg,foto2.jpg,foto3.jpg", "estacionamiento": 0, "niveles": 1, "amueblado": "no", "antiguedad": 15, "frente_m": 10, "fondo_m": 20, "uso_suelo": "Habitacional", "coordenadas": "21.0480241191471,-89.62355501067604", "orientacion": "Este", "elevacion_msnm": 8, "ciudad": "Mérida", "estado": "Yucatán", "transaccion": "venta", "vendido": "no", "inmobiliaria": "grupo-xyz" }, "geometry": { "type": "Polygon", "coordinates": [ [ [ -89.623655372825539, 21.047799223455272 ], [ -89.623633722119351, 21.048242744171901 ], [ -89.623459791705059, 21.048246632318346 ], [ -89.623468904999527, 21.047817717825179 ], [ -89.623655372825539, 21.047799223455272 ] ] ] } },
{ "type": "Feature", "properties": { "id": "MER_CAS_0005", "titulo": "Casa exclusive 2 desarrollo EJEMPLO", "precio": 2300000, "folder": "MER_CAS_0005", "preview": "preview.jpg", "status": "venta", "moneda": "MXN", "recamaras": 3, "banos": 2, "superficie_m2": 250, "tipo": "casa", "lat": "21.04384096057943", "lng": "-89.70146171465845", "slug": "casa-afueras-merida", "destacado": "si", "fecha": "2026-05-19", "descripcion": "casa de amplio terreno, alrededor de la naturaleza con amplio patio", "fotos": "foto1.jpg,foto2.jpg,foto3.jpg,foto4.jpg", "estacionamiento": 2, "niveles": 2, "amueblado": "no", "antiguedad": 2, "frente_m": 10, "fondo_m": 25, "uso_suelo": "Habitacional", "coordenadas": "21.04384096057943,-89.70146171465845", "orientacion": "Norte", "elevacion_msnm": 10, "ciudad": "Mérida", "estado": "Yucatán", "transaccion": "venta", "desarrollo": "Desarrollo ABCD EJEMPLO", "vendido": "si", "noLote": 1 }, "geometry": { "type": "Polygon", "coordinates": [ [ [ -89.701573321255879, 21.044123310881723 ], [ -89.701302112039471, 21.044091330485895 ], [ -89.701348301553267, 21.043558911679487 ], [ -89.701623145422715, 21.043592759804135 ], [ -89.701573321255879, 21.044123310881723 ] ] ] } },
{ "type": "Feature", "properties": { "id": "MER_CAS_0005", "titulo": "Casa exclusive 2 desarrollo EJEMPLO", "precio": 2300000, "folder": "MER_CAS_0005", "preview": "preview.jpg", "status": "venta", "moneda": "MXN", "recamaras": 3, "banos": 2, "superficie_m2": 250, "tipo": "casa", "lat": "21.043664687687098", "lng": "-89.69998729679818", "slug": "casa-afueras-merida", "destacado": "si", "fecha": "2026-05-19", "descripcion": "casa de amplio terreno, alrededor de la naturaleza con amplio patio", "fotos": "foto1.jpg,foto2.jpg,foto3.jpg,foto4.jpg", "estacionamiento": 2, "niveles": 2, "amueblado": "no", "antiguedad": 2, "frente_m": 10, "fondo_m": 25, "uso_suelo": "Habitacional", "coordenadas": "21.043664687687098,-89.69998729679818", "orientacion": "Norte", "elevacion_msnm": 10, "ciudad": "Mérida", "estado": "Yucatán", "transaccion": "venta", "desarrollo": "Desarrollo ABCD EJEMPLO", "vendido": "no", "noLote": 2 }, "geometry": { "type": "Polygon", "coordinates": [ [ [ -89.700110672686037, 21.043950838571085 ], [ -89.699823731495755, 21.043917003095412 ], [ -89.699866859995481, 21.043376466211033 ], [ -89.700148431209001, 21.043411142835083 ], [ -89.700110672686037, 21.043950838571085 ] ] ] } },
{ "type": "Feature", "properties": { "id": "MER_CAS_0005", "titulo": "Casa exclusive 2 desarrollo EJEMPLO", "precio": 2300000, "folder": "MER_CAS_0005", "preview": "preview.jpg", "status": "venta", "moneda": "MXN", "recamaras": 3, "banos": 2, "superficie_m2": 250, "tipo": "casa", "lat": "21.04393821819937", "lng": "-89.70224956997254", "slug": "casa-afueras-merida", "destacado": "si", "fecha": "2026-05-19", "descripcion": "casa de amplio terreno, alrededor de la naturaleza con amplio patio", "fotos": "foto1.jpg,foto2.jpg,foto3.jpg,foto4.jpg", "estacionamiento": 2, "niveles": 2, "amueblado": "no", "antiguedad": 2, "frente_m": 10, "fondo_m": 25, "uso_suelo": "Habitacional", "coordenadas": "21.04393821819937,-89.70224956997254", "orientacion": "Norte", "elevacion_msnm": 10, "ciudad": "Mérida", "estado": "Yucatán", "transaccion": "venta", "desarrollo": "Desarrollo ABCD EJEMPLO", "vendido": "si", "noLote": 3 }, "geometry": { "type": "Polygon", "coordinates": [ [ [ -89.702371066786569, 21.044217379284632 ], [ -89.702081587358592, 21.044183244505536 ], [ -89.702133927338082, 21.043655664645261 ], [ -89.702412552790378, 21.043689978487006 ], [ -89.702371066786569, 21.044217379284632 ] ] ] } },
{ "type": "Feature", "properties": { "id": "MER_CAS_0005", "titulo": "Casa exclusive 2 desarrollo EJEMPLO", "precio": 2300000, "folder": "MER_CAS_0005", "preview": "preview.jpg", "status": "venta", "moneda": "MXN", "recamaras": 3, "banos": 2, "superficie_m2": 250, "tipo": "casa", "lat": "21.04403317098233", "lng": "-89.70305109461809", "slug": "casa-afueras-merida", "destacado": "si", "fecha": "2026-05-19", "descripcion": "casa de amplio terreno, alrededor de la naturaleza con amplio patio", "fotos": "foto1.jpg,foto2.jpg,foto3.jpg,foto4.jpg", "estacionamiento": 2, "niveles": 2, "amueblado": "no", "antiguedad": 2, "frente_m": 10, "fondo_m": 25, "uso_suelo": "Habitacional", "coordenadas": "21.04403317098233,-89.70305109461809", "orientacion": "Norte", "elevacion_msnm": 10, "ciudad": "Mérida", "estado": "Yucatán", "transaccion": "venta", "desarrollo": "Desarrollo ABCD EJEMPLO", "vendido": "no", "noLote": 4 }, "geometry": { "type": "Polygon", "coordinates": [ [ [ -89.703173039782698, 21.04431194618099 ], [ -89.702879477044689, 21.044277329906933 ], [ -89.702929412045691, 21.043753631776912 ], [ -89.703222738899811, 21.043789756155242 ], [ -89.703173039782698, 21.04431194618099 ] ] ] } },
{ "type": "Feature", "properties": { "id": "MER_CAS_0005", "titulo": "Casa exclusive 2 desarrollo EJEMPLO", "precio": 2300000, "folder": "MER_CAS_0005", "preview": "preview.jpg", "status": "venta", "moneda": "MXN", "recamaras": 3, "banos": 2, "superficie_m2": 250, "tipo": "casa", "lat": "21.04390203070661", "lng": "-89.70197259752956", "slug": "casa-afueras-merida", "destacado": "si", "fecha": "2026-05-19", "descripcion": "casa de amplio terreno, alrededor de la naturaleza con amplio patio", "fotos": "foto1.jpg,foto2.jpg,foto3.jpg,foto4.jpg", "estacionamiento": 2, "niveles": 2, "amueblado": "no", "antiguedad": 2, "frente_m": 10, "fondo_m": 25, "uso_suelo": "Habitacional", "coordenadas": "21.04390203070661,-89.70197259752956", "orientacion": "Norte", "elevacion_msnm": 10, "ciudad": "Mérida", "estado": "Yucatán", "transaccion": "venta", "desarrollo": "Desarrollo ABCD EJEMPLO", "vendido": "si", "noLote": 5 }, "geometry": { "type": "Polygon", "coordinates": [ [ [ -89.702081587358592, 21.044183244505536 ], [ -89.701814538462145, 21.044151754685512 ], [ -89.70186016229448, 21.043621949382338 ], [ -89.702133927338082, 21.043655664645261 ], [ -89.702081587358592, 21.044183244505536 ] ] ] } },
{ "type": "Feature", "properties": { "id": "MER_CAS_0005", "titulo": "Casa exclusive 2 desarrollo EJEMPLO", "precio": 2300000, "folder": "MER_CAS_0005", "preview": "preview.jpg", "status": "venta", "moneda": "MXN", "recamaras": 3, "banos": 2, "superficie_m2": 250, "tipo": "casa", "lat": "21.04378111776367", "lng": "-89.70095326148164", "slug": "casa-afueras-merida", "destacado": "si", "fecha": "2026-05-19", "descripcion": "casa de amplio terreno, alrededor de la naturaleza con amplio patio", "fotos": "foto1.jpg,foto2.jpg,foto3.jpg,foto4.jpg", "estacionamiento": 2, "niveles": 2, "amueblado": "no", "antiguedad": 2, "frente_m": 10, "fondo_m": 25, "uso_suelo": "Habitacional", "coordenadas": "21.04378111776367,-89.70095326148164", "orientacion": "Norte", "elevacion_msnm": 10, "ciudad": "Mérida", "estado": "Yucatán", "transaccion": "venta", "desarrollo": "Desarrollo ABCD EJEMPLO", "vendido": "si", "noLote": 6 }, "geometry": { "type": "Polygon", "coordinates": [ [ [ -89.701048379289958, 21.044061410876704 ], [ -89.700799296009905, 21.044032039522754 ], [ -89.700860719019872, 21.04349886393528 ], [ -89.701105204354477, 21.04352897328463 ], [ -89.701048379289958, 21.044061410876704 ] ] ] } },
{ "type": "Feature", "properties": { "id": "MER_CAS_0005", "titulo": "Casa exclusive 2 desarrollo EJEMPLO", "precio": 2300000, "folder": "MER_CAS_0005", "preview": "preview.jpg", "status": "venta", "moneda": "MXN", "recamaras": 3, "banos": 2, "superficie_m2": 250, "tipo": "casa", "lat": "21.04369317555695", "lng": "-89.70025044485345", "slug": "casa-afueras-merida", "destacado": "si", "fecha": "2026-05-19", "descripcion": "casa de amplio terreno, alrededor de la naturaleza con amplio patio", "fotos": "foto1.jpg,foto2.jpg,foto3.jpg,foto4.jpg", "estacionamiento": 2, "niveles": 2, "amueblado": "no", "antiguedad": 2, "frente_m": 10, "fondo_m": 25, "uso_suelo": "Habitacional", "coordenadas": "21.04369317555695,-89.70025044485345", "orientacion": "Norte", "elevacion_msnm": 10, "ciudad": "Mérida", "estado": "Yucatán", "transaccion": "venta", "desarrollo": "Desarrollo ABCD EJEMPLO", "vendido": "no", "noLote": 7 }, "geometry": { "type": "Polygon", "coordinates": [ [ [ -89.700345830136641, 21.043978567821778 ], [ -89.700110672686037, 21.043950838571085 ], [ -89.700148431209001, 21.043411142835083 ], [ -89.700396255354036, 21.043441663372324 ], [ -89.700345830136641, 21.043978567821778 ] ] ] } },
{ "type": "Feature", "properties": { "id": "MER_CAS_0005", "titulo": "Casa exclusive 2 desarrollo EJEMPLO", "precio": 2300000, "folder": "MER_CAS_0005", "preview": "preview.jpg", "status": "venta", "moneda": "MXN", "recamaras": 3, "banos": 2, "superficie_m2": 250, "tipo": "casa", "lat": "21.044000360286873", "lng": "-89.70277844440143", "slug": "casa-afueras-merida", "destacado": "si", "fecha": "2026-05-19", "descripcion": "casa de amplio terreno, alrededor de la naturaleza con amplio patio", "fotos": "foto1.jpg,foto2.jpg,foto3.jpg,foto4.jpg", "estacionamiento": 2, "niveles": 2, "amueblado": "no", "antiguedad": 2, "frente_m": 10, "fondo_m": 25, "uso_suelo": "Habitacional", "coordenadas": "21.044000360286873,-89.70277844440143", "orientacion": "Norte", "elevacion_msnm": 10, "ciudad": "Mérida", "estado": "Yucatán", "transaccion": "venta", "desarrollo": "Desarrollo ABCD EJEMPLO", "vendido": "no", "noLote": 8 }, "geometry": { "type": "Polygon", "coordinates": [ [ [ -89.702879477044689, 21.044277329906933 ], [ -89.702627341429434, 21.04424759862831 ], [ -89.702677781105379, 21.043722642417567 ], [ -89.702929412045691, 21.043753631776912 ], [ -89.702879477044689, 21.044277329906933 ] ] ] } },
{ "type": "Feature", "properties": { "id": "MER_CAS_0005", "titulo": "Casa exclusive 2 desarrollo EJEMPLO", "precio": 2300000, "folder": "MER_CAS_0005", "preview": "preview.jpg", "status": "venta", "moneda": "MXN", "recamaras": 3, "banos": 2, "superficie_m2": 250, "tipo": "casa", "lat": "21.04396786747965", "lng": "-89.70252226300374", "slug": "casa-afueras-merida", "destacado": "si", "fecha": "2026-05-19", "descripcion": "casa de amplio terreno, alrededor de la naturaleza con amplio patio", "fotos": "foto1.jpg,foto2.jpg,foto3.jpg,foto4.jpg", "estacionamiento": 2, "niveles": 2, "amueblado": "no", "antiguedad": 2, "frente_m": 10, "fondo_m": 25, "uso_suelo": "Habitacional", "coordenadas": "21.04396786747965,-89.70252226300374", "orientacion": "Norte", "elevacion_msnm": 10, "ciudad": "Mérida", "estado": "Yucatán", "transaccion": "venta", "desarrollo": "Desarrollo ABCD EJEMPLO", "vendido": "no", "noLote": 9 }, "geometry": { "type": "Polygon", "coordinates": [ [ [ -89.702627341429434, 21.04424759862831 ], [ -89.702371066786569, 21.044217379284632 ], [ -89.702412552790378, 21.043689978487006 ], [ -89.702677781105379, 21.043722642417567 ], [ -89.702627341429434, 21.04424759862831 ] ] ] } },
{ "type": "Feature", "properties": { "id": "MER_CAS_0005", "titulo": "Casa exclusive 2 desarrollo EJEMPLO", "precio": 2300000, "folder": "MER_CAS_0005", "preview": "preview.jpg", "status": "venta", "moneda": "MXN", "recamaras": 3, "banos": 2, "superficie_m2": 250, "tipo": "casa", "lat": "21.04387319357265", "lng": "-89.70171767730349", "slug": "casa-afueras-merida", "destacado": "si", "fecha": "2026-05-19", "descripcion": "casa de amplio terreno, alrededor de la naturaleza con amplio patio", "fotos": "foto1.jpg,foto2.jpg,foto3.jpg,foto4.jpg", "estacionamiento": 2, "niveles": 2, "amueblado": "no", "antiguedad": 2, "frente_m": 10, "fondo_m": 25, "uso_suelo": "Habitacional", "coordenadas": "21.04387319357265,-89.70171767730349", "orientacion": "Norte", "elevacion_msnm": 10, "ciudad": "Mérida", "estado": "Yucatán", "transaccion": "venta", "desarrollo": "Desarrollo ABCD EJEMPLO", "vendido": "si", "noLote": 10 }, "geometry": { "type": "Polygon", "coordinates": [ [ [ -89.701814538462145, 21.044151754685512 ], [ -89.701573321255879, 21.044123310881723 ], [ -89.701623145422715, 21.043592759804135 ], [ -89.70186016229448, 21.043621949382338 ], [ -89.701814538462145, 21.044151754685512 ] ] ] } },
{ "type": "Feature", "properties": { "id": "MER_CAS_0005", "titulo": "Casa exclusive 2 desarrollo EJEMPLO", "precio": 2300000, "folder": "MER_CAS_0005", "preview": "preview.jpg", "status": "venta", "moneda": "MXN", "recamaras": 3, "banos": 2, "superficie_m2": 250, "tipo": "casa", "lat": "21.04381202795471", "lng": "-89.70120076772089", "slug": "casa-afueras-merida", "destacado": "si", "fecha": "2026-05-19", "descripcion": "casa de amplio terreno, alrededor de la naturaleza con amplio patio", "fotos": "foto1.jpg,foto2.jpg,foto3.jpg,foto4.jpg", "estacionamiento": 2, "niveles": 2, "amueblado": "no", "antiguedad": 2, "frente_m": 10, "fondo_m": 25, "uso_suelo": "Habitacional", "coordenadas": "21.04381202795471,-89.70120076772089", "orientacion": "Norte", "elevacion_msnm": 10, "ciudad": "Mérida", "estado": "Yucatán", "transaccion": "venta", "desarrollo": "Desarrollo ABCD EJEMPLO", "vendido": "si", "noLote": 11 }, "geometry": { "type": "Polygon", "coordinates": [ [ [ -89.701302112039471, 21.044091330485895 ], [ -89.701048379289958, 21.044061410876704 ], [ -89.701105204354477, 21.04352897328463 ], [ -89.701348301553267, 21.043558911679487 ], [ -89.701302112039471, 21.044091330485895 ] ] ] } },
{ "type": "Feature", "properties": { "id": "MER_CAS_0005", "titulo": "Casa exclusive 2 desarrollo EJEMPLO", "precio": 2300000, "folder": "MER_CAS_0005", "preview": "preview.jpg", "status": "venta", "moneda": "MXN", "recamaras": 3, "banos": 2, "superficie_m2": 250, "tipo": "casa", "lat": "21.04374978809381", "lng": "-89.70071374986703", "slug": "casa-afueras-merida", "destacado": "si", "fecha": "2026-05-19", "descripcion": "casa de amplio terreno, alrededor de la naturaleza con amplio patio", "fotos": "foto1.jpg,foto2.jpg,foto3.jpg,foto4.jpg", "estacionamiento": 2, "niveles": 2, "amueblado": "no", "antiguedad": 2, "frente_m": 10, "fondo_m": 25, "uso_suelo": "Habitacional", "coordenadas": "21.04374978809381,-89.70071374986703", "orientacion": "Norte", "elevacion_msnm": 10, "ciudad": "Mérida", "estado": "Yucatán", "transaccion": "venta", "desarrollo": "Desarrollo ABCD EJEMPLO", "vendido": "si", "noLote": 12 }, "geometry": { "type": "Polygon", "coordinates": [ [ [ -89.700799296009905, 21.044032039522754 ], [ -89.70057070077182, 21.044005084073763 ], [ -89.700623762410871, 21.043469681778681 ], [ -89.700860719019872, 21.04349886393528 ], [ -89.700799296009905, 21.044032039522754 ] ] ] } },
{ "type": "Feature", "properties": { "id": "MER_CAS_0005", "titulo": "Casa exclusive 2 desarrollo EJEMPLO", "precio": 2300000, "folder": "MER_CAS_0005", "preview": "preview.jpg", "status": "venta", "moneda": "MXN", "recamaras": 3, "banos": 2, "superficie_m2": 250, "tipo": "casa", "lat": "21.04372320120557", "lng": "-89.70048414842401", "slug": "casa-afueras-merida", "destacado": "si", "fecha": "2026-05-19", "descripcion": "casa de amplio terreno, alrededor de la naturaleza con amplio patio", "fotos": "foto1.jpg,foto2.jpg,foto3.jpg,foto4.jpg", "estacionamiento": 2, "niveles": 2, "amueblado": "no", "antiguedad": 2, "frente_m": 10, "fondo_m": 25, "uso_suelo": "Habitacional", "coordenadas": "21.04372320120557,-89.70048414842401", "orientacion": "Norte", "elevacion_msnm": 10, "ciudad": "Mérida", "estado": "Yucatán", "transaccion": "venta", "desarrollo": "Desarrollo ABCD EJEMPLO", "vendido": "no", "noLote": 13 }, "geometry": { "type": "Polygon", "coordinates": [ [ [ -89.70057070077182, 21.044005084073763 ], [ -89.700345830136641, 21.043978567821778 ], [ -89.700396255354036, 21.043441663372324 ], [ -89.700623762410871, 21.043469681778681 ], [ -89.70057070077182, 21.044005084073763 ] ] ] } },
{ "type": "Feature", "properties": { "id": "MER_CAS_0005", "titulo": "Casa exclusive 2 desarrollo EJEMPLO", "precio": 2300000, "folder": "MER_CAS_0005", "preview": "preview.jpg", "status": "venta", "moneda": "MXN", "recamaras": 3, "banos": 2, "superficie_m2": 250, "tipo": "casa", "lat": "21.043630917601813", "lng": "-89.69972731717175", "slug": "casa-afueras-merida", "destacado": "si", "fecha": "2026-05-19", "descripcion": "casa de amplio terreno, alrededor de la naturaleza con amplio patio", "fotos": "foto1.jpg,foto2.jpg,foto3.jpg,foto4.jpg", "estacionamiento": 2, "niveles": 2, "amueblado": "no", "antiguedad": 2, "frente_m": 10, "fondo_m": 25, "uso_suelo": "Habitacional", "coordenadas": "21.043630917601813,-89.69972731717175", "orientacion": "Norte", "elevacion_msnm": 10, "ciudad": "Mérida", "estado": "Yucatán", "transaccion": "venta", "desarrollo": "Desarrollo ABCD EJEMPLO", "vendido": "no", "noLote": 14 }, "geometry": { "type": "Polygon", "coordinates": [ [ [ -89.699823731495755, 21.043917003095412 ], [ -89.699591717017526, 21.043889644457124 ], [ -89.699626683352463, 21.04334688749433 ], [ -89.699866859995481, 21.043376466211033 ], [ -89.699823731495755, 21.043917003095412 ] ] ] } },
{ "type": "Feature", "properties": { "id": "MER_CAS_0004", "titulo": "Casa exclusive 1 desarrollo EJEMPLO", "precio": 1900000, "folder": "MER_CAS_0004", "preview": "preview.jpg", "status": "venta", "moneda": "MXN", "recamaras": 2, "banos": 1, "superficie_m2": 200, "tipo": "casa", "lat": "21.044883037703354", "lng": "-89.7013675838532", "slug": "casa-afueras-merida", "destacado": "si", "fecha": "2026-05-19", "descripcion": "casa con sin vecino atras, espacio tranquilo y fuera de ruido", "fotos": "foto1.jpg,foto2.jpg,foto3.jpg", "estacionamiento": 2, "niveles": 1, "amueblado": "no", "antiguedad": 2, "frente_m": 10, "fondo_m": 20, "uso_suelo": "Habitacional", "coordenadas": "21.044883037703354,-89.7013675838532", "orientacion": "Sur", "elevacion_msnm": 10, "ciudad": "Mérida", "estado": "Yucatán", "transaccion": "venta", "desarrollo": "Desarrollo ABCD EJEMPLO", "vendido": "no", "noLote": 29 }, "geometry": { "type": "Polygon", "coordinates": [ [ [ -89.701259301881777, 21.044584796019247 ], [ -89.701527080086322, 21.044615708525225 ], [ -89.701473929540398, 21.045181680446195 ], [ -89.701210020846744, 21.045152850274391 ], [ -89.701259301881777, 21.044584796019247 ] ] ] } },
{ "type": "Feature", "properties": { "id": "MER_CAS_0004", "titulo": "Casa exclusive 1 desarrollo EJEMPLO", "precio": 1900000, "folder": "MER_CAS_0004", "preview": "preview.jpg", "status": "venta", "moneda": "MXN", "recamaras": 2, "banos": 1, "superficie_m2": 200, "tipo": "casa", "lat": "21.044720722612492", "lng": "-89.69990821040635", "slug": "casa-afueras-merida", "destacado": "si", "fecha": "2026-05-19", "descripcion": "casa con sin vecino atras, espacio tranquilo y fuera de ruido", "fotos": "foto1.jpg,foto2.jpg,foto3.jpg", "estacionamiento": 2, "niveles": 1, "amueblado": "no", "antiguedad": 2, "frente_m": 10, "fondo_m": 20, "uso_suelo": "Habitacional", "coordenadas": "21.044720722612492,-89.69990821040635", "orientacion": "Sur", "elevacion_msnm": 10, "ciudad": "Mérida", "estado": "Yucatán", "transaccion": "venta", "desarrollo": "Desarrollo ABCD EJEMPLO", "vendido": "no", "noLote": 30 }, "geometry": { "type": "Polygon", "coordinates": [ [ [ -89.699784037840004, 21.044414490491263 ], [ -89.700075877335536, 21.044448180649749 ], [ -89.700035553175752, 21.045024547927603 ], [ -89.699737956361503, 21.044992037565159 ], [ -89.699784037840004, 21.044414490491263 ] ] ] } },
{ "type": "Feature", "properties": { "id": "MER_CAS_0004", "titulo": "Casa exclusive 1 desarrollo EJEMPLO", "precio": 1900000, "folder": "MER_CAS_0004", "preview": "preview.jpg", "status": "venta", "moneda": "MXN", "recamaras": 2, "banos": 1, "superficie_m2": 200, "tipo": "casa", "lat": "21.044974260479396", "lng": "-89.70215741151503", "slug": "casa-afueras-merida", "destacado": "si", "fecha": "2026-05-19", "descripcion": "casa con sin vecino atras, espacio tranquilo y fuera de ruido", "fotos": "foto1.jpg,foto2.jpg,foto3.jpg", "estacionamiento": 2, "niveles": 1, "amueblado": "no", "antiguedad": 2, "frente_m": 10, "fondo_m": 20, "uso_suelo": "Habitacional", "coordenadas": "21.044974260479396,-89.70215741151503", "orientacion": "Sur", "elevacion_msnm": 10, "ciudad": "Mérida", "estado": "Yucatán", "transaccion": "venta", "desarrollo": "Desarrollo ABCD EJEMPLO", "vendido": "no", "noLote": 31 }, "geometry": { "type": "Polygon", "coordinates": [ [ [ -89.70203289075161, 21.0446740996674 ], [ -89.702332420648119, 21.044708677611233 ], [ -89.70228821633566, 21.045270635561241 ], [ -89.701977081799626, 21.045236646297742 ], [ -89.70203289075161, 21.0446740996674 ] ] ] } },
{ "type": "Feature", "properties": { "id": "MER_CAS_0004", "titulo": "Casa exclusive 1 desarrollo EJEMPLO", "precio": 1900000, "folder": "MER_CAS_0004", "preview": "preview.jpg", "status": "venta", "moneda": "MXN", "recamaras": 2, "banos": 1, "superficie_m2": 200, "tipo": "casa", "lat": "21.045061895659398", "lng": "-89.70295308734745", "slug": "casa-afueras-merida", "destacado": "si", "fecha": "2026-05-19", "descripcion": "casa con sin vecino atras, espacio tranquilo y fuera de ruido", "fotos": "foto1.jpg,foto2.jpg,foto3.jpg", "estacionamiento": 2, "niveles": 1, "amueblado": "no", "antiguedad": 2, "frente_m": 10, "fondo_m": 20, "uso_suelo": "Habitacional", "coordenadas": "21.045061895659398,-89.70295308734745", "orientacion": "Sur", "elevacion_msnm": 10, "ciudad": "Mérida", "estado": "Yucatán", "transaccion": "venta", "desarrollo": "Desarrollo ABCD EJEMPLO", "vendido": "no", "noLote": 32 }, "geometry": { "type": "Polygon", "coordinates": [ [ [ -89.70283283943661, 21.044766446311325 ], [ -89.703126555947037, 21.04480035315374 ], [ -89.703073631043964, 21.045356436603505 ], [ -89.702779645697731, 21.045324320768582 ], [ -89.70283283943661, 21.044766446311325 ] ] ] } },
{ "type": "Feature", "properties": { "id": "MER_CAS_0004", "titulo": "Casa exclusive 1 desarrollo EJEMPLO", "precio": 1900000, "folder": "MER_CAS_0004", "preview": "preview.jpg", "status": "venta", "moneda": "MXN", "recamaras": 2, "banos": 1, "superficie_m2": 200, "tipo": "casa", "lat": "21.044939581137232", "lng": "-89.70187646893137", "slug": "casa-afueras-merida", "destacado": "si", "fecha": "2026-05-19", "descripcion": "casa con sin vecino atras, espacio tranquilo y fuera de ruido", "fotos": "foto1.jpg,foto2.jpg,foto3.jpg", "estacionamiento": 2, "niveles": 1, "amueblado": "no", "antiguedad": 2, "frente_m": 10, "fondo_m": 20, "uso_suelo": "Habitacional", "coordenadas": "21.044939581137232,-89.70187646893137", "orientacion": "Sur", "elevacion_msnm": 10, "ciudad": "Mérida", "estado": "Yucatán", "transaccion": "venta", "desarrollo": "Desarrollo ABCD EJEMPLO", "vendido": "no", "noLote": 33 }, "geometry": { "type": "Polygon", "coordinates": [ [ [ -89.701772149129027, 21.044643999469439 ], [ -89.70203289075161, 21.0446740996674 ], [ -89.701977081799626, 21.045236646297742 ], [ -89.701723499289159, 21.045208944188946 ], [ -89.701772149129027, 21.044643999469439 ] ] ] } },
{ "type": "Feature", "properties": { "id": "MER_CAS_0004", "titulo": "Casa exclusive 1 desarrollo EJEMPLO", "precio": 1900000, "folder": "MER_CAS_0004", "preview": "preview.jpg", "status": "venta", "moneda": "MXN", "recamaras": 2, "banos": 1, "superficie_m2": 200, "tipo": "casa", "lat": "21.044825110048052", "lng": "-89.70083740403015", "slug": "casa-afueras-merida", "destacado": "si", "fecha": "2026-05-19", "descripcion": "casa con sin vecino atras, espacio tranquilo y fuera de ruido", "fotos": "foto1.jpg,foto2.jpg,foto3.jpg", "estacionamiento": 2, "niveles": 1, "amueblado": "no", "antiguedad": 2, "frente_m": 10, "fondo_m": 20, "uso_suelo": "Habitacional", "coordenadas": "21.044825110048052,-89.70083740403015", "orientacion": "Sur", "elevacion_msnm": 10, "ciudad": "Mérida", "estado": "Yucatán", "transaccion": "venta", "desarrollo": "Desarrollo ABCD EJEMPLO", "vendido": "no", "noLote": 34 }, "geometry": { "type": "Polygon", "coordinates": [ [ [ -89.700742490325979, 21.044525134926463 ], [ -89.700995767251868, 21.04455437339454 ], [ -89.700935099396901, 21.045122817036297 ], [ -89.700676885650211, 21.045094608997463 ], [ -89.700742490325979, 21.044525134926463 ] ] ] } },
{ "type": "Feature", "properties": { "id": "MER_CAS_0004", "titulo": "Casa exclusive 1 desarrollo EJEMPLO", "precio": 1900000, "folder": "MER_CAS_0004", "preview": "preview.jpg", "status": "venta", "moneda": "MXN", "recamaras": 2, "banos": 1, "superficie_m2": 200, "tipo": "casa", "lat": "21.044745521891176", "lng": "-89.7001642486842", "slug": "casa-afueras-merida", "destacado": "si", "fecha": "2026-05-19", "descripcion": "casa con sin vecino atras, espacio tranquilo y fuera de ruido", "fotos": "foto1.jpg,foto2.jpg,foto3.jpg", "estacionamiento": 2, "niveles": 1, "amueblado": "no", "antiguedad": 2, "frente_m": 10, "fondo_m": 20, "uso_suelo": "Habitacional", "coordenadas": "21.044745521891176,-89.7001642486842", "orientacion": "Sur", "elevacion_msnm": 10, "ciudad": "Mérida", "estado": "Yucatán", "transaccion": "venta", "desarrollo": "Desarrollo ABCD EJEMPLO", "vendido": "no", "noLote": 35 }, "geometry": { "type": "Polygon", "coordinates": [ [ [ -89.700075877335536, 21.044448180649749 ], [ -89.700299302464714, 21.044473973005225 ], [ -89.700245439915278, 21.045047476580223 ], [ -89.700035553175752, 21.045024547927603 ], [ -89.700075877335536, 21.044448180649749 ] ] ] } },
{ "type": "Feature", "properties": { "id": "MER_CAS_0004", "titulo": "Casa exclusive 1 desarrollo EJEMPLO", "precio": 2879000, "folder": "MER_CAS_0004", "preview": "preview.jpg", "status": "venta", "moneda": "MXN", "recamaras": 2, "banos": 1, "superficie_m2": 200, "tipo": "casa", "lat": "21.045031250497846", "lng": "-89.70267976386036", "slug": "casa-afueras-merida", "destacado": "si", "fecha": "2026-05-19", "descripcion": "casa con sin vecino atras, espacio tranquilo y fuera de ruido", "fotos": "foto1.jpg,foto2.jpg,foto3.jpg", "estacionamiento": 2, "niveles": 1, "amueblado": "no", "antiguedad": 2, "frente_m": 10, "fondo_m": 20, "uso_suelo": "Habitacional", "coordenadas": "21.045031250497846,-89.70267976386036", "orientacion": "Sur", "elevacion_msnm": 10, "ciudad": "Mérida", "estado": "Yucatán", "transaccion": "venta", "desarrollo": "Desarrollo ABCD EJEMPLO", "vendido": "no", "noLote": 36 }, "geometry": { "type": "Polygon", "coordinates": [ [ [ -89.702580289950916, 21.044737291819459 ], [ -89.70283283943661, 21.044766446311325 ], [ -89.702779645697731, 21.045324320768582 ], [ -89.702526542787467, 21.045296671052743 ], [ -89.702580289950916, 21.044737291819459 ] ] ] } },
{ "type": "Feature", "properties": { "id": "MER_CAS_0004", "titulo": "Casa exclusive 1 desarrollo EJEMPLO", "precio": 1900000, "folder": "MER_CAS_0004", "preview": "preview.jpg", "status": "venta", "moneda": "MXN", "recamaras": 2, "banos": 1, "superficie_m2": 200, "tipo": "casa", "lat": "21.04500145381912", "lng": "-89.7024319759418", "slug": "casa-afueras-merida", "destacado": "si", "fecha": "2026-05-19", "descripcion": "casa con sin vecino atras, espacio tranquilo y fuera de ruido", "fotos": "foto1.jpg,foto2.jpg,foto3.jpg", "estacionamiento": 2, "niveles": 1, "amueblado": "no", "antiguedad": 2, "frente_m": 10, "fondo_m": 20, "uso_suelo": "Habitacional", "coordenadas": "21.04500145381912,-89.7024319759418", "orientacion": "Sur", "elevacion_msnm": 10, "ciudad": "Mérida", "estado": "Yucatán", "transaccion": "venta", "desarrollo": "Desarrollo ABCD EJEMPLO", "vendido": "no", "noLote": 37 }, "geometry": { "type": "Polygon", "coordinates": [ [ [ -89.702332420648119, 21.044708677611233 ], [ -89.702580289950916, 21.044737291819459 ], [ -89.702526542787467, 21.045296671052743 ], [ -89.70228821633566, 21.045270635561241 ], [ -89.702332420648119, 21.044708677611233 ] ] ] } },
{ "type": "Feature", "properties": { "id": "MER_CAS_0004", "titulo": "Casa exclusive 1 desarrollo EJEMPLO", "precio": 1900000, "folder": "MER_CAS_0004", "preview": "preview.jpg", "status": "venta", "moneda": "MXN", "recamaras": 2, "banos": 1, "superficie_m2": 200, "tipo": "casa", "lat": "21.044913408437633", "lng": "-89.70162403435906", "slug": "casa-afueras-merida", "destacado": "si", "fecha": "2026-05-19", "descripcion": "casa con sin vecino atras, espacio tranquilo y fuera de ruido", "fotos": "foto1.jpg,foto2.jpg,foto3.jpg", "estacionamiento": 2, "niveles": 1, "amueblado": "no", "antiguedad": 2, "frente_m": 10, "fondo_m": 20, "uso_suelo": "Habitacional", "coordenadas": "21.044913408437633,-89.70162403435906", "orientacion": "Sur", "elevacion_msnm": 10, "ciudad": "Mérida", "estado": "Yucatán", "transaccion": "venta", "desarrollo": "Desarrollo ABCD EJEMPLO", "vendido": "no", "noLote": 38 }, "geometry": { "type": "Polygon", "coordinates": [ [ [ -89.701527080086322, 21.044615708525225 ], [ -89.701772149129027, 21.044643999469439 ], [ -89.701723499289159, 21.045208944188946 ], [ -89.701473929540398, 21.045181680446195 ], [ -89.701527080086322, 21.044615708525225 ] ] ] } },
{ "type": "Feature", "properties": { "id": "MER_CAS_0004", "titulo": "Casa exclusive 1 desarrollo EJEMPLO", "precio": 1900000, "folder": "MER_CAS_0004", "preview": "preview.jpg", "status": "venta", "moneda": "MXN", "recamaras": 2, "banos": 1, "superficie_m2": 200, "tipo": "casa", "lat": "21.044855676600804", "lng": "-89.70109979115855", "slug": "casa-afueras-merida", "destacado": "si", "fecha": "2026-05-19", "descripcion": "casa con sin vecino atras, espacio tranquilo y fuera de ruido", "fotos": "foto1.jpg,foto2.jpg,foto3.jpg", "estacionamiento": 2, "niveles": 1, "amueblado": "no", "antiguedad": 2, "frente_m": 10, "fondo_m": 20, "uso_suelo": "Habitacional", "coordenadas": "21.044855676600804,-89.70109979115855", "orientacion": "Sur", "elevacion_msnm": 10, "ciudad": "Mérida", "estado": "Yucatán", "transaccion": "venta", "desarrollo": "Desarrollo ABCD EJEMPLO", "vendido": "no", "noLote": 39 }, "geometry": { "type": "Polygon", "coordinates": [ [ [ -89.700995767251868, 21.04455437339454 ], [ -89.701259301881777, 21.044584796019247 ], [ -89.701210020846744, 21.045152850274391 ], [ -89.700935099396901, 21.045122817036297 ], [ -89.700995767251868, 21.04455437339454 ] ] ] } },
{ "type": "Feature", "properties": { "id": "MER_CAS_0004", "titulo": "Casa exclusive 1 desarrollo EJEMPLO", "precio": 1900000, "folder": "MER_CAS_0004", "preview": "preview.jpg", "status": "venta", "moneda": "MXN", "recamaras": 2, "banos": 1, "superficie_m2": 200, "tipo": "casa", "lat": "21.04479571351178", "lng": "-89.70060169159001", "slug": "casa-afueras-merida", "destacado": "si", "fecha": "2026-05-19", "descripcion": "casa con sin vecino atras, espacio tranquilo y fuera de ruido", "fotos": "foto1.jpg,foto2.jpg,foto3.jpg", "estacionamiento": 2, "niveles": 1, "amueblado": "no", "antiguedad": 2, "frente_m": 10, "fondo_m": 20, "uso_suelo": "Habitacional", "coordenadas": "21.04479571351178,-89.70060169159001", "orientacion": "Sur", "elevacion_msnm": 10, "ciudad": "Mérida", "estado": "Yucatán", "transaccion": "venta", "desarrollo": "Desarrollo ABCD EJEMPLO", "vendido": "no", "noLote": 40 }, "geometry": { "type": "Polygon", "coordinates": [ [ [ -89.700521686741766, 21.044499645203995 ], [ -89.700742490325979, 21.044525134926463 ], [ -89.700676885650211, 21.045094608997463 ], [ -89.700465016031785, 21.045071463729247 ], [ -89.700521686741766, 21.044499645203995 ] ] ] } },
{ "type": "Feature", "properties": { "id": "MER_CAS_0004", "titulo": "Casa exclusive 1 desarrollo EJEMPLO", "precio": 1900000, "folder": "MER_CAS_0004", "preview": "preview.jpg", "status": "venta", "moneda": "MXN", "recamaras": 2, "banos": 1, "superficie_m2": 200, "tipo": "casa", "lat": "21.044772500061775", "lng": "-89.70038287897255", "slug": "casa-afueras-merida", "destacado": "si", "fecha": "2026-05-19", "descripcion": "casa con sin vecino atras, espacio tranquilo y fuera de ruido", "fotos": "foto1.jpg,foto2.jpg,foto3.jpg", "estacionamiento": 2, "niveles": 1, "amueblado": "no", "antiguedad": 2, "frente_m": 10, "fondo_m": 20, "uso_suelo": "Habitacional", "coordenadas": "21.044772500061775,-89.70038287897255", "orientacion": "Sur", "elevacion_msnm": 10, "ciudad": "Mérida", "estado": "Yucatán", "transaccion": "venta", "desarrollo": "Desarrollo ABCD EJEMPLO", "vendido": "no", "noLote": 41 }, "geometry": { "type": "Polygon", "coordinates": [ [ [ -89.700299302464714, 21.044473973005225 ], [ -89.700521686741766, 21.044499645203995 ], [ -89.700465016031785, 21.045071463729247 ], [ -89.700245439915278, 21.045047476580223 ], [ -89.700299302464714, 21.044473973005225 ] ] ] } },
{ "type": "Feature", "properties": { "id": "MER_CAS_0004", "titulo": "Casa exclusive 1 desarrollo EJEMPLO", "precio": 1900000, "folder": "MER_CAS_0004", "preview": "preview.jpg", "status": "venta", "moneda": "MXN", "recamaras": 2, "banos": 1, "superficie_m2": 200, "tipo": "casa", "lat": "21.044688956469535", "lng": "-89.6996510423051", "slug": "casa-afueras-merida", "destacado": "si", "fecha": "2026-05-19", "descripcion": "casa con sin vecino atras, espacio tranquilo y fuera de ruido", "fotos": "foto1.jpg,foto2.jpg,foto3.jpg", "estacionamiento": 2, "niveles": 1, "amueblado": "no", "antiguedad": 2, "frente_m": 10, "fondo_m": 20, "uso_suelo": "Habitacional", "coordenadas": "21.044688956469535,-89.6996510423051", "orientacion": "Sur", "elevacion_msnm": 10, "ciudad": "Mérida", "estado": "Yucatán", "transaccion": "venta", "desarrollo": "Desarrollo ABCD EJEMPLO", "vendido": "no", "noLote": 42 }, "geometry": { "type": "Polygon", "coordinates": [ [ [ -89.699559573929207, 21.044388578218101 ], [ -89.699784037840004, 21.044414490491263 ], [ -89.699737956361503, 21.044992037565159 ], [ -89.699522215277895, 21.044968469366552 ], [ -89.699559573929207, 21.044388578218101 ] ] ] } },
{ "type": "Feature", "properties": { "id": "MER_CAS_0004", "titulo": "Casa exclusive 1 desarrollo EJEMPLO", "precio": 1900000, "folder": "MER_CAS_0004", "preview": "preview.jpg", "status": "venta", "moneda": "MXN", "recamaras": 2, "banos": 1, "superficie_m2": 200, "tipo": "casa", "lat": "21.042054032270645", "lng": "-89.70010791574816", "slug": "casa-afueras-merida", "destacado": "si", "fecha": "2026-05-19", "descripcion": "casa con sin vecino atras, espacio tranquilo y fuera de ruido", "fotos": "foto1.jpg,foto2.jpg,foto3.jpg", "estacionamiento": 2, "niveles": 1, "amueblado": "no", "antiguedad": 2, "frente_m": 10, "fondo_m": 20, "uso_suelo": "Habitacional", "coordenadas": "21.042054032270645,-89.70010791574816", "orientacion": "Norte", "elevacion_msnm": 10, "ciudad": "Mérida", "estado": "Yucatán", "transaccion": "venta", "desarrollo": "Desarrollo ABCD EJEMPLO", "vendido": "no", "noLote": 43 }, "geometry": { "type": "Polygon", "coordinates": [ [ [ -89.700221907591157, 21.042360919282046 ], [ -89.699950658632602, 21.0423262035189 ], [ -89.699997040945007, 21.041744886042103 ], [ -89.700262545793478, 21.041780063284698 ], [ -89.700221907591157, 21.042360919282046 ] ] ] } },
{ "type": "Feature", "properties": { "id": "MER_CAS_0004", "titulo": "Casa exclusive 1 desarrollo EJEMPLO", "precio": 1900000, "folder": "MER_CAS_0004", "preview": "preview.jpg", "status": "venta", "moneda": "MXN", "recamaras": 2, "banos": 1, "superficie_m2": 200, "tipo": "casa", "lat": "21.042383839663906", "lng": "-89.70266063865212", "slug": "casa-afueras-merida", "destacado": "si", "fecha": "2026-05-19", "descripcion": "casa con sin vecino atras, espacio tranquilo y fuera de ruido", "fotos": "foto1.jpg,foto2.jpg,foto3.jpg", "estacionamiento": 2, "niveles": 1, "amueblado": "no", "antiguedad": 2, "frente_m": 10, "fondo_m": 20, "uso_suelo": "Habitacional", "coordenadas": "21.042383839663906,-89.70266063865212", "orientacion": "Norte", "elevacion_msnm": 10, "ciudad": "Mérida", "estado": "Yucatán", "transaccion": "venta", "desarrollo": "Desarrollo ABCD EJEMPLO", "vendido": "no", "noLote": 44 }, "geometry": { "type": "Polygon", "coordinates": [ [ [ -89.70277719732384, 21.042687957710527 ], [ -89.702494221834456, 21.042651741128836 ], [ -89.702539063284121, 21.042081683418928 ], [ -89.702831724666311, 21.042120458682348 ], [ -89.70277719732384, 21.042687957710527 ] ] ] } },
{ "type": "Feature", "properties": { "id": "MER_CAS_0004", "titulo": "Casa exclusive 1 desarrollo EJEMPLO", "precio": 1900000, "folder": "MER_CAS_0004", "preview": "preview.jpg", "status": "venta", "moneda": "MXN", "recamaras": 2, "banos": 1, "superficie_m2": 200, "tipo": "casa", "lat": "21.042455915432114", "lng": "-89.70320136304537", "slug": "casa-afueras-merida", "destacado": "si", "fecha": "2026-05-19", "descripcion": "casa con sin vecino atras, espacio tranquilo y fuera de ruido", "fotos": "foto1.jpg,foto2.jpg,foto3.jpg", "estacionamiento": 2, "niveles": 1, "amueblado": "no", "antiguedad": 2, "frente_m": 10, "fondo_m": 20, "uso_suelo": "Habitacional", "coordenadas": "21.042455915432114,-89.70320136304537", "orientacion": "Norte", "elevacion_msnm": 10, "ciudad": "Mérida", "estado": "Yucatán", "transaccion": "venta", "desarrollo": "Desarrollo ABCD EJEMPLO", "vendido": "no", "noLote": 45 }, "geometry": { "type": "Polygon", "coordinates": [ [ [ -89.7033209781643, 21.042757553431599 ], [ -89.703027964623359, 21.04272005213117 ], [ -89.703081974838184, 21.042153614803812 ], [ -89.703374765611102, 21.042192407210454 ], [ -89.7033209781643, 21.042757553431599 ] ] ] } },
{ "type": "Feature", "properties": { "id": "MER_CAS_0004", "titulo": "Casa exclusive 1 desarrollo EJEMPLO", "precio": 1900000, "folder": "MER_CAS_0004", "preview": "preview.jpg", "status": "venta", "moneda": "MXN", "recamaras": 2, "banos": 1, "superficie_m2": 200, "tipo": "casa", "lat": "21.042313808022435", "lng": "-89.70211975134836", "slug": "casa-afueras-merida", "destacado": "si", "fecha": "2026-05-19", "descripcion": "casa con sin vecino atras, espacio tranquilo y fuera de ruido", "fotos": "foto1.jpg,foto2.jpg,foto3.jpg", "estacionamiento": 2, "niveles": 1, "amueblado": "no", "antiguedad": 2, "frente_m": 10, "fondo_m": 20, "uso_suelo": "Habitacional", "coordenadas": "21.042313808022435,-89.70211975134836", "orientacion": "Norte", "elevacion_msnm": 10, "ciudad": "Mérida", "estado": "Yucatán", "transaccion": "venta", "desarrollo": "Desarrollo ABCD EJEMPLO", "vendido": "no", "noLote": 46 }, "geometry": { "type": "Polygon", "coordinates": [ [ [ -89.702236792868661, 21.042618794115686 ], [ -89.701949712354761, 21.042582052152962 ], [ -89.701998963518989, 21.042010124573313 ], [ -89.702293308632576, 21.042049122917508 ], [ -89.702236792868661, 21.042618794115686 ] ] ] } },
{ "type": "Feature", "properties": { "id": "MER_CAS_0004", "titulo": "Casa exclusive 1 desarrollo EJEMPLO", "precio": 1900000, "folder": "MER_CAS_0004", "preview": "preview.jpg", "status": "venta", "moneda": "MXN", "recamaras": 2, "banos": 1, "superficie_m2": 200, "tipo": "casa", "lat": "21.0421524927756", "lng": "-89.70088488528813", "slug": "casa-afueras-merida", "destacado": "si", "fecha": "2026-05-19", "descripcion": "casa con sin vecino atras, espacio tranquilo y fuera de ruido", "fotos": "foto1.jpg,foto2.jpg,foto3.jpg", "estacionamiento": 2, "niveles": 1, "amueblado": "no", "antiguedad": 2, "frente_m": 10, "fondo_m": 20, "uso_suelo": "Habitacional", "coordenadas": "21.0421524927756,-89.70088488528813", "orientacion": "Norte", "elevacion_msnm": 10, "ciudad": "Mérida", "estado": "Yucatán", "transaccion": "venta", "desarrollo": "Desarrollo ABCD EJEMPLO", "vendido": "no", "noLote": 47 }, "geometry": { "type": "Polygon", "coordinates": [ [ [ -89.700980626114372, 21.042458023774863 ], [ -89.700727237897965, 21.042425593916509 ], [ -89.700784362085116, 21.041849199718122 ], [ -89.701046758937864, 21.041883965176446 ], [ -89.700980626114372, 21.042458023774863 ] ] ] } },
{ "type": "Feature", "properties": { "id": "MER_CAS_0004", "titulo": "Casa exclusive 1 desarrollo EJEMPLO", "precio": 1900000, "folder": "MER_CAS_0004", "preview": "preview.jpg", "status": "venta", "moneda": "MXN", "recamaras": 2, "banos": 1, "superficie_m2": 200, "tipo": "casa", "lat": "21.04208631310311", "lng": "-89.70038206507121", "slug": "casa-afueras-merida", "destacado": "si", "fecha": "2026-05-19", "descripcion": "casa con sin vecino atras, espacio tranquilo y fuera de ruido", "fotos": "foto1.jpg,foto2.jpg,foto3.jpg", "estacionamiento": 2, "niveles": 1, "amueblado": "no", "antiguedad": 2, "frente_m": 10, "fondo_m": 20, "uso_suelo": "Habitacional", "coordenadas": "21.04208631310311,-89.70038206507121", "orientacion": "Norte", "elevacion_msnm": 10, "ciudad": "Mérida", "estado": "Yucatán", "transaccion": "venta", "desarrollo": "Desarrollo ABCD EJEMPLO", "vendido": "no", "noLote": 48 }, "geometry": { "type": "Polygon", "coordinates": [ [ [ -89.700494480764206, 21.042395804524617 ], [ -89.700221907591157, 21.042360919282046 ], [ -89.700262545793478, 21.041780063284698 ], [ -89.700548748860513, 21.041817982873653 ], [ -89.700494480764206, 21.042395804524617 ] ] ] } },
{ "type": "Feature", "properties": { "id": "MER_CAS_0004", "titulo": "Casa exclusive 1 desarrollo EJEMPLO", "precio": 1900000, "folder": "MER_CAS_0004", "preview": "preview.jpg", "status": "venta", "moneda": "MXN", "recamaras": 2, "banos": 1, "superficie_m2": 200, "tipo": "casa", "lat": "21.042247386164554", "lng": "-89.70160566669838", "slug": "casa-afueras-merida", "destacado": "si", "fecha": "2026-05-19", "descripcion": "casa con sin vecino atras, espacio tranquilo y fuera de ruido", "fotos": "foto1.jpg,foto2.jpg,foto3.jpg", "estacionamiento": 2, "niveles": 1, "amueblado": "no", "antiguedad": 2, "frente_m": 10, "fondo_m": 20, "uso_suelo": "Habitacional", "coordenadas": "21.042247386164554,-89.70160566669838", "orientacion": "Norte", "elevacion_msnm": 10, "ciudad": "Mérida", "estado": "Yucatán", "transaccion": "venta", "desarrollo": "Desarrollo ABCD EJEMPLO", "vendido": "no", "noLote": 49 }, "geometry": { "type": "Polygon", "coordinates": [ [ [ -89.70172081236646, 21.042552756417336 ], [ -89.701438721758294, 21.042516653087056 ], [ -89.701488532190837, 21.041942496555365 ], [ -89.701774563107662, 21.041980393335812 ], [ -89.70172081236646, 21.042552756417336 ] ] ] } },
{ "type": "Feature", "properties": { "id": "MER_CAS_0004", "titulo": "Casa exclusive 1 desarrollo EJEMPLO", "precio": 1900000, "folder": "MER_CAS_0004", "preview": "preview.jpg", "status": "venta", "moneda": "MXN", "recamaras": 2, "banos": 1, "superficie_m2": 200, "tipo": "casa", "lat": "21.042420592886067", "lng": "-89.70292966689455", "slug": "casa-afueras-merida", "destacado": "si", "fecha": "2026-05-19", "descripcion": "casa con sin vecino atras, espacio tranquilo y fuera de ruido", "fotos": "foto1.jpg,foto2.jpg,foto3.jpg", "estacionamiento": 2, "niveles": 1, "amueblado": "no", "antiguedad": 2, "frente_m": 10, "fondo_m": 20, "uso_suelo": "Habitacional", "coordenadas": "21.042420592886067,-89.70292966689455", "orientacion": "Norte", "elevacion_msnm": 10, "ciudad": "Mérida", "estado": "Yucatán", "transaccion": "venta", "desarrollo": "Desarrollo ABCD EJEMPLO", "vendido": "no", "noLote": 50 }, "geometry": { "type": "Polygon", "coordinates": [ [ [ -89.703027964623359, 21.04272005213117 ], [ -89.70277719732384, 21.042687957710527 ], [ -89.702831724666311, 21.042120458682348 ], [ -89.703081974838184, 21.042153614803812 ], [ -89.703027964623359, 21.04272005213117 ] ] ] } },
{ "type": "Feature", "properties": { "id": "MER_CAS_0004", "titulo": "Casa exclusive 1 desarrollo EJEMPLO", "precio": 1900000, "folder": "MER_CAS_0004", "preview": "preview.jpg", "status": "venta", "moneda": "MXN", "recamaras": 2, "banos": 1, "superficie_m2": 200, "tipo": "casa", "lat": "21.042352514784543", "lng": "-89.70239061114349", "slug": "casa-afueras-merida", "destacado": "si", "fecha": "2026-05-19", "descripcion": "casa con sin vecino atras, espacio tranquilo y fuera de ruido", "fotos": "foto1.jpg,foto2.jpg,foto3.jpg", "estacionamiento": 2, "niveles": 1, "amueblado": "no", "antiguedad": 2, "frente_m": 10, "fondo_m": 20, "uso_suelo": "Habitacional", "coordenadas": "21.042352514784543,-89.70239061114349", "orientacion": "Norte", "elevacion_msnm": 10, "ciudad": "Mérida", "estado": "Yucatán", "transaccion": "venta", "desarrollo": "Desarrollo ABCD EJEMPLO", "vendido": "no", "noLote": 51 }, "geometry": { "type": "Polygon", "coordinates": [ [ [ -89.702494221834456, 21.042651741128836 ], [ -89.702236792868661, 21.042618794115686 ], [ -89.702293308632576, 21.042049122917508 ], [ -89.702539063284121, 21.042081683418928 ], [ -89.702494221834456, 21.042651741128836 ] ] ] } },
{ "type": "Feature", "properties": { "id": "MER_CAS_0004", "titulo": "Casa exclusive 1 desarrollo EJEMPLO", "precio": 1900000, "folder": "MER_CAS_0004", "preview": "preview.jpg", "status": "venta", "moneda": "MXN", "recamaras": 2, "banos": 1, "superficie_m2": 200, "tipo": "casa", "lat": "21.042282254706688", "lng": "-89.70186089602763", "slug": "casa-afueras-merida", "destacado": "si", "fecha": "2026-05-19", "descripcion": "casa con sin vecino atras, espacio tranquilo y fuera de ruido", "fotos": "foto1.jpg,foto2.jpg,foto3.jpg", "estacionamiento": 2, "niveles": 1, "amueblado": "no", "antiguedad": 2, "frente_m": 10, "fondo_m": 20, "uso_suelo": "Habitacional", "coordenadas": "21.042282254706688,-89.70186089602763", "orientacion": "Norte", "elevacion_msnm": 10, "ciudad": "Mérida", "estado": "Yucatán", "transaccion": "venta", "desarrollo": "Desarrollo ABCD EJEMPLO", "vendido": "no", "noLote": 52 }, "geometry": { "type": "Polygon", "coordinates": [ [ [ -89.701949712354761, 21.042582052152962 ], [ -89.70172081236646, 21.042552756417336 ], [ -89.701774563107662, 21.041980393335812 ], [ -89.701998963518989, 21.042010124573313 ], [ -89.701949712354761, 21.042582052152962 ] ] ] } },
{ "type": "Feature", "properties": { "id": "MER_CAS_0004", "titulo": "Casa exclusive 1 desarrollo EJEMPLO", "precio": 1900000, "folder": "MER_CAS_0004", "preview": "preview.jpg", "status": "venta", "moneda": "MXN", "recamaras": 2, "banos": 1, "superficie_m2": 200, "tipo": "casa", "lat": "21.042217961740494", "lng": "-89.70135498923943", "slug": "casa-afueras-merida", "destacado": "si", "fecha": "2026-05-19", "descripcion": "casa con sin vecino atras, espacio tranquilo y fuera de ruido", "fotos": "foto1.jpg,foto2.jpg,foto3.jpg", "estacionamiento": 2, "niveles": 1, "amueblado": "no", "antiguedad": 2, "frente_m": 10, "fondo_m": 20, "uso_suelo": "Habitacional", "coordenadas": "21.042217961740494,-89.70135498923943", "orientacion": "Norte", "elevacion_msnm": 10, "ciudad": "Mérida", "estado": "Yucatán", "transaccion": "venta", "desarrollo": "Desarrollo ABCD EJEMPLO", "vendido": "no", "noLote": 53 }, "geometry": { "type": "Polygon", "coordinates": [ [ [ -89.701438721758294, 21.042516653087056 ], [ -89.701216283843323, 21.042488184399058 ], [ -89.701277507029843, 21.041914537430234 ], [ -89.701488532190837, 21.041942496555365 ], [ -89.701438721758294, 21.042516653087056 ] ] ] } },
{ "type": "Feature", "properties": { "id": "MER_CAS_0004", "titulo": "Casa exclusive 1 desarrollo EJEMPLO", "precio": 1900000, "folder": "MER_CAS_0004", "preview": "preview.jpg", "status": "venta", "moneda": "MXN", "recamaras": 2, "banos": 1, "superficie_m2": 200, "tipo": "casa", "lat": "21.042187156333707", "lng": "-89.70113014979594", "slug": "casa-afueras-merida", "destacado": "si", "fecha": "2026-05-19", "descripcion": "casa con sin vecino atras, espacio tranquilo y fuera de ruido", "fotos": "foto1.jpg,foto2.jpg,foto3.jpg", "estacionamiento": 2, "niveles": 1, "amueblado": "no", "antiguedad": 2, "frente_m": 10, "fondo_m": 20, "uso_suelo": "Habitacional", "coordenadas": "21.042187156333707,-89.70113014979594", "orientacion": "Norte", "elevacion_msnm": 10, "ciudad": "Mérida", "estado": "Yucatán", "transaccion": "venta", "desarrollo": "Desarrollo ABCD EJEMPLO", "vendido": "no", "noLote": 54 }, "geometry": { "type": "Polygon", "coordinates": [ [ [ -89.701216283843323, 21.042488184399058 ], [ -89.700980626114372, 21.042458023774863 ], [ -89.701046758937864, 21.041883965176446 ], [ -89.701277507029843, 21.041914537430234 ], [ -89.701216283843323, 21.042488184399058 ] ] ] } },
{ "type": "Feature", "properties": { "id": "MER_CAS_0004", "titulo": "Casa exclusive 1 desarrollo EJEMPLO", "precio": 1900000, "folder": "MER_CAS_0004", "preview": "preview.jpg", "status": "venta", "moneda": "MXN", "recamaras": 2, "banos": 1, "superficie_m2": 200, "tipo": "casa", "lat": "21.042121533481392", "lng": "-89.70063873075327", "slug": "casa-afueras-merida", "destacado": "si", "fecha": "2026-05-19", "descripcion": "casa con sin vecino atras, espacio tranquilo y fuera de ruido", "fotos": "foto1.jpg,foto2.jpg,foto3.jpg", "estacionamiento": 2, "niveles": 1, "amueblado": "no", "antiguedad": 2, "frente_m": 10, "fondo_m": 20, "uso_suelo": "Habitacional", "coordenadas": "21.042121533481392,-89.70063873075327", "orientacion": "Norte", "elevacion_msnm": 10, "ciudad": "Mérida", "estado": "Yucatán", "transaccion": "venta", "desarrollo": "Desarrollo ABCD EJEMPLO", "vendido": "no", "noLote": 55 }, "geometry": { "type": "Polygon", "coordinates": [ [ [ -89.700727237897965, 21.042425593916509 ], [ -89.700494480764206, 21.042395804524617 ], [ -89.700548748860513, 21.041817982873653 ], [ -89.700784362085116, 21.041849199718122 ], [ -89.700727237897965, 21.042425593916509 ] ] ] } },
{ "type": "Feature", "properties": { "id": "MER_CAS_0004", "titulo": "Casa exclusive 1 desarrollo EJEMPLO", "precio": 1900000, "folder": "MER_CAS_0004", "preview": "preview.jpg", "status": "venta", "moneda": "MXN", "recamaras": 2, "banos": 1, "superficie_m2": 200, "tipo": "casa", "lat": "21.042016918633042", "lng": "-89.69984367618126", "slug": "casa-afueras-merida", "destacado": "si", "fecha": "2026-05-19", "descripcion": "casa con sin vecino atras, espacio tranquilo y fuera de ruido", "fotos": "foto1.jpg,foto2.jpg,foto3.jpg", "estacionamiento": 2, "niveles": 1, "amueblado": "no", "antiguedad": 2, "frente_m": 10, "fondo_m": 20, "uso_suelo": "Habitacional", "coordenadas": "21.042016918633042,-89.69984367618126", "orientacion": "Norte", "elevacion_msnm": 10, "ciudad": "Mérida", "estado": "Yucatán", "transaccion": "venta", "desarrollo": "Desarrollo ABCD EJEMPLO", "vendido": "no", "noLote": 56 }, "geometry": { "type": "Polygon", "coordinates": [ [ [ -89.699950658632602, 21.0423262035189 ], [ -89.699694551114405, 21.042293425631055 ], [ -89.699732150981418, 21.041709790266779 ], [ -89.699997040945007, 21.041744886042103 ], [ -89.699950658632602, 21.0423262035189 ] ] ] } },
{ "type": "Feature", "properties": { "id": "MER_CAS_0005", "titulo": "Casa exclusive 2 desarrollo EJEMPLO", "precio": 2300000, "folder": "MER_CAS_0005", "preview": "preview.jpg", "status": "venta", "moneda": "MXN", "recamaras": 3, "banos": 2, "superficie_m2": 250, "tipo": "casa", "lat": "21.043172600152428", "lng": "-89.70002403275643", "slug": "casa-afueras-merida", "destacado": "si", "fecha": "2026-05-19", "descripcion": "casa de amplio terreno, alrededor de la naturaleza con amplio patio", "fotos": "foto1.jpg,foto2.jpg,foto3.jpg,foto4.jpg", "estacionamiento": 2, "niveles": 2, "amueblado": "no", "antiguedad": 2, "frente_m": 10, "fondo_m": 25, "uso_suelo": "Habitacional", "coordenadas": "21.043172600152428,-89.70002403275643", "orientacion": "Sur", "elevacion_msnm": 10, "ciudad": "Mérida", "estado": "Yucatán", "transaccion": "venta", "desarrollo": "Desarrollo ABCD EJEMPLO", "vendido": "no", "noLote": 15 }, "geometry": { "type": "Polygon", "coordinates": [ [ [ -89.699902359089322, 21.042931549979116 ], [ -89.700179361268724, 21.042969048705483 ], [ -89.700148431209001, 21.043411142835083 ], [ -89.699866859995481, 21.043376466211033 ], [ -89.699902359089322, 21.042931549979116 ] ] ] } },
{ "type": "Feature", "properties": { "id": "MER_CAS_0005", "titulo": "Casa exclusive 2 desarrollo EJEMPLO", "precio": 2300000, "folder": "MER_CAS_0005", "preview": "preview.jpg", "status": "venta", "moneda": "MXN", "recamaras": 3, "banos": 2, "superficie_m2": 250, "tipo": "casa", "lat": "21.04349931873783", "lng": "-89.70256306492588", "slug": "casa-afueras-merida", "destacado": "si", "fecha": "2026-05-19", "descripcion": "casa de amplio terreno, alrededor de la naturaleza con amplio patio", "fotos": "foto1.jpg,foto2.jpg,foto3.jpg,foto4.jpg", "estacionamiento": 2, "niveles": 2, "amueblado": "no", "antiguedad": 2, "frente_m": 10, "fondo_m": 25, "uso_suelo": "Habitacional", "coordenadas": "21.04349931873783,-89.70256306492588", "orientacion": "Sur", "elevacion_msnm": 10, "ciudad": "Mérida", "estado": "Yucatán", "transaccion": "venta", "desarrollo": "Desarrollo ABCD EJEMPLO", "vendido": "no", "noLote": 16 }, "geometry": { "type": "Polygon", "coordinates": [ [ [ -89.702445134620049, 21.043275774143869 ], [ -89.702717179283269, 21.043312601754423 ], [ -89.702677781105379, 21.043722642417567 ], [ -89.702412552790378, 21.043689978487006 ], [ -89.702445134620049, 21.043275774143869 ] ] ] } },
{ "type": "Feature", "properties": { "id": "MER_CAS_0005", "titulo": "Casa exclusive 2 desarrollo EJEMPLO", "precio": 2300000, "folder": "MER_CAS_0005", "preview": "preview.jpg", "status": "venta", "moneda": "MXN", "recamaras": 3, "banos": 2, "superficie_m2": 250, "tipo": "casa", "lat": "21.043569034191627", "lng": "-89.70309516556007", "slug": "casa-afueras-merida", "destacado": "si", "fecha": "2026-05-19", "descripcion": "casa de amplio terreno, alrededor de la naturaleza con amplio patio", "fotos": "foto1.jpg,foto2.jpg,foto3.jpg,foto4.jpg", "estacionamiento": 2, "niveles": 2, "amueblado": "no", "antiguedad": 2, "frente_m": 10, "fondo_m": 25, "uso_suelo": "Habitacional", "coordenadas": "21.043569034191627,-89.70309516556007", "orientacion": "Sur", "elevacion_msnm": 10, "ciudad": "Mérida", "estado": "Yucatán", "transaccion": "venta", "desarrollo": "Desarrollo ABCD EJEMPLO", "vendido": "no", "noLote": 17 }, "geometry": { "type": "Polygon", "coordinates": [ [ [ -89.702968224107209, 21.043346586545368 ], [ -89.703261143302541, 21.043386240012275 ], [ -89.703222738899811, 21.043789756155242 ], [ -89.702929412045691, 21.043753631776912 ], [ -89.702968224107209, 21.043346586545368 ] ] ] } },
{ "type": "Feature", "properties": { "id": "MER_CAS_0005", "titulo": "Casa exclusive 2 desarrollo EJEMPLO", "precio": 2300000, "folder": "MER_CAS_0005", "preview": "preview.jpg", "status": "venta", "moneda": "MXN", "recamaras": 3, "banos": 2, "superficie_m2": 250, "tipo": "casa", "lat": "21.04342887746323", "lng": "-89.70201630468841", "slug": "casa-afueras-merida", "destacado": "si", "fecha": "2026-05-19", "descripcion": "casa de amplio terreno, alrededor de la naturaleza con amplio patio", "fotos": "foto1.jpg,foto2.jpg,foto3.jpg,foto4.jpg", "estacionamiento": 2, "niveles": 2, "amueblado": "no", "antiguedad": 2, "frente_m": 10, "fondo_m": 25, "uso_suelo": "Habitacional", "coordenadas": "21.04342887746323,-89.70201630468841", "orientacion": "Sur", "elevacion_msnm": 10, "ciudad": "Mérida", "estado": "Yucatán", "transaccion": "venta", "desarrollo": "Desarrollo ABCD EJEMPLO", "vendido": "no", "noLote": 18 }, "geometry": { "type": "Polygon", "coordinates": [ [ [ -89.701896370216232, 21.043201486041646 ], [ -89.702175240102918, 21.043239237605896 ], [ -89.702133927338082, 21.043655664645261 ], [ -89.70186016229448, 21.043621949382338 ], [ -89.701896370216232, 21.043201486041646 ] ] ] } },
{ "type": "Feature", "properties": { "id": "MER_CAS_0005", "titulo": "Casa exclusive 2 desarrollo EJEMPLO", "precio": 2300000, "folder": "MER_CAS_0005", "preview": "preview.jpg", "status": "venta", "moneda": "MXN", "recamaras": 3, "banos": 2, "superficie_m2": 250, "tipo": "casa", "lat": "21.04326684926539", "lng": "-89.70076539513128", "slug": "casa-afueras-merida", "destacado": "si", "fecha": "2026-05-19", "descripcion": "casa de amplio terreno, alrededor de la naturaleza con amplio patio", "fotos": "foto1.jpg,foto2.jpg,foto3.jpg,foto4.jpg", "estacionamiento": 2, "niveles": 2, "amueblado": "no", "antiguedad": 2, "frente_m": 10, "fondo_m": 25, "uso_suelo": "Habitacional", "coordenadas": "21.04326684926539,-89.70076539513128", "orientacion": "Sur", "elevacion_msnm": 10, "ciudad": "Mérida", "estado": "Yucatán", "transaccion": "venta", "desarrollo": "Desarrollo ABCD EJEMPLO", "vendido": "no", "noLote": 19 }, "geometry": { "type": "Polygon", "coordinates": [ [ [ -89.700666838057629, 21.043035040094995 ], [ -89.700910354833781, 21.043068005788534 ], [ -89.700860719019872, 21.04349886393528 ], [ -89.700623762410871, 21.043469681778681 ], [ -89.700666838057629, 21.043035040094995 ] ] ] } },
{ "type": "Feature", "properties": { "id": "MER_CAS_0005", "titulo": "Casa exclusive 2 desarrollo EJEMPLO", "precio": 2300000, "folder": "MER_CAS_0005", "preview": "preview.jpg", "status": "venta", "moneda": "MXN", "recamaras": 3, "banos": 2, "superficie_m2": 250, "tipo": "casa", "lat": "21.043204927236406", "lng": "-89.70029032983398", "slug": "casa-afueras-merida", "destacado": "si", "fecha": "2026-05-19", "descripcion": "casa de amplio terreno, alrededor de la naturaleza con amplio patio", "fotos": "foto1.jpg,foto2.jpg,foto3.jpg,foto4.jpg", "estacionamiento": 2, "niveles": 2, "amueblado": "no", "antiguedad": 2, "frente_m": 10, "fondo_m": 25, "uso_suelo": "Habitacional", "coordenadas": "21.043204927236406,-89.70029032983398", "orientacion": "Sur", "elevacion_msnm": 10, "ciudad": "Mérida", "estado": "Yucatán", "transaccion": "venta", "desarrollo": "Desarrollo ABCD EJEMPLO", "vendido": "no", "noLote": 20 }, "geometry": { "type": "Polygon", "coordinates": [ [ [ -89.700179361268724, 21.042969048705483 ], [ -89.700437362336729, 21.043003975186828 ], [ -89.700396255354036, 21.043441663372324 ], [ -89.700148431209001, 21.043411142835083 ], [ -89.700179361268724, 21.042969048705483 ] ] ] } },
{ "type": "Feature", "properties": { "id": "MER_CAS_0005", "titulo": "Casa exclusive 2 desarrollo EJEMPLO", "precio": 2300000, "folder": "MER_CAS_0005", "preview": "preview.jpg", "status": "venta", "moneda": "MXN", "recamaras": 3, "banos": 2, "superficie_m2": 250, "tipo": "casa", "lat": "21.043363053746525", "lng": "-89.7015047583294", "slug": "casa-afueras-merida", "destacado": "si", "fecha": "2026-05-19", "descripcion": "casa de amplio terreno, alrededor de la naturaleza con amplio patio", "fotos": "foto1.jpg,foto2.jpg,foto3.jpg,foto4.jpg", "estacionamiento": 2, "niveles": 2, "amueblado": "no", "antiguedad": 2, "frente_m": 10, "fondo_m": 25, "uso_suelo": "Habitacional", "coordenadas": "21.043363053746525,-89.7015047583294", "orientacion": "Sur", "elevacion_msnm": 10, "ciudad": "Mérida", "estado": "Yucatán", "transaccion": "venta", "desarrollo": "Desarrollo ABCD EJEMPLO", "vendido": "no", "noLote": 21 }, "geometry": { "type": "Polygon", "coordinates": [ [ [ -89.701385311664808, 21.043132302308802 ], [ -89.701662858646458, 21.043169874786901 ], [ -89.701623145422715, 21.043592759804135 ], [ -89.701348301553267, 21.043558911679487 ], [ -89.701385311664808, 21.043132302308802 ] ] ] } },
{ "type": "Feature", "properties": { "id": "MER_CAS_0005", "titulo": "Casa exclusive 2 desarrollo EJEMPLO", "precio": 2300000, "folder": "MER_CAS_0005", "preview": "preview.jpg", "status": "venta", "moneda": "MXN", "recamaras": 3, "banos": 2, "superficie_m2": 250, "tipo": "casa", "lat": "21.04353388558036", "lng": "-89.702822989774", "slug": "casa-afueras-merida", "destacado": "si", "fecha": "2026-05-19", "descripcion": "casa de amplio terreno, alrededor de la naturaleza con amplio patio", "fotos": "foto1.jpg,foto2.jpg,foto3.jpg,foto4.jpg", "estacionamiento": 2, "niveles": 2, "amueblado": "no", "antiguedad": 2, "frente_m": 10, "fondo_m": 25, "uso_suelo": "Habitacional", "coordenadas": "21.04353388558036,-89.702822989774", "orientacion": "Sur", "elevacion_msnm": 10, "ciudad": "Mérida", "estado": "Yucatán", "transaccion": "venta", "desarrollo": "Desarrollo ABCD EJEMPLO", "vendido": "no", "noLote": 22 }, "geometry": { "type": "Polygon", "coordinates": [ [ [ -89.702717179283269, 21.043312601754423 ], [ -89.702968224107209, 21.043346586545368 ], [ -89.702929412045691, 21.043753631776912 ], [ -89.702677781105379, 21.043722642417567 ], [ -89.702717179283269, 21.043312601754423 ] ] ] } },
{ "type": "Feature", "properties": { "id": "MER_CAS_0005", "titulo": "Casa exclusive 2 desarrollo EJEMPLO", "precio": 2300000, "folder": "MER_CAS_0005", "preview": "preview.jpg", "status": "venta", "moneda": "MXN", "recamaras": 3, "banos": 2, "superficie_m2": 250, "tipo": "casa", "lat": "21.043466204771224", "lng": "-89.7022914367228", "slug": "casa-afueras-merida", "destacado": "si", "fecha": "2026-05-19", "descripcion": "casa de amplio terreno, alrededor de la naturaleza con amplio patio", "fotos": "foto1.jpg,foto2.jpg,foto3.jpg,foto4.jpg", "estacionamiento": 2, "niveles": 2, "amueblado": "no", "antiguedad": 2, "frente_m": 10, "fondo_m": 25, "uso_suelo": "Habitacional", "coordenadas": "21.043466204771224,-89.7022914367228", "orientacion": "Sur", "elevacion_msnm": 10, "ciudad": "Mérida", "estado": "Yucatán", "transaccion": "venta", "desarrollo": "Desarrollo ABCD EJEMPLO", "vendido": "no", "noLote": 23 }, "geometry": { "type": "Polygon", "coordinates": [ [ [ -89.702175240102918, 21.043239237605896 ], [ -89.702445134620049, 21.043275774143869 ], [ -89.702412552790378, 21.043689978487006 ], [ -89.702133927338082, 21.043655664645261 ], [ -89.702175240102918, 21.043239237605896 ] ] ] } },
{ "type": "Feature", "properties": { "id": "MER_CAS_0005", "titulo": "Casa exclusive 2 desarrollo EJEMPLO", "precio": 2300000, "folder": "MER_CAS_0005", "preview": "preview.jpg", "status": "venta", "moneda": "MXN", "recamaras": 3, "banos": 2, "superficie_m2": 250, "tipo": "casa", "lat": "21.04339698578259", "lng": "-89.70176045833584", "slug": "casa-afueras-merida", "destacado": "si", "fecha": "2026-05-19", "descripcion": "casa de amplio terreno, alrededor de la naturaleza con amplio patio", "fotos": "foto1.jpg,foto2.jpg,foto3.jpg,foto4.jpg", "estacionamiento": 2, "niveles": 2, "amueblado": "no", "antiguedad": 2, "frente_m": 10, "fondo_m": 25, "uso_suelo": "Habitacional", "coordenadas": "21.04339698578259,-89.70176045833584", "orientacion": "Sur", "elevacion_msnm": 10, "ciudad": "Mérida", "estado": "Yucatán", "transaccion": "venta", "desarrollo": "Desarrollo ABCD EJEMPLO", "vendido": "no", "noLote": 24 }, "geometry": { "type": "Polygon", "coordinates": [ [ [ -89.701662858646458, 21.043169874786901 ], [ -89.701896370216232, 21.043201486041646 ], [ -89.70186016229448, 21.043621949382338 ], [ -89.701623145422715, 21.043592759804135 ], [ -89.701662858646458, 21.043169874786901 ] ] ] } },
{ "type": "Feature", "properties": { "id": "MER_CAS_0005", "titulo": "Casa exclusive 2 desarrollo EJEMPLO", "precio": 2300000, "folder": "MER_CAS_0005", "preview": "preview.jpg", "status": "venta", "moneda": "MXN", "recamaras": 3, "banos": 2, "superficie_m2": 250, "tipo": "casa", "lat": "21.043331431037963", "lng": "-89.70124718007501", "slug": "casa-afueras-merida", "destacado": "si", "fecha": "2026-05-19", "descripcion": "casa de amplio terreno, alrededor de la naturaleza con amplio patio", "fotos": "foto1.jpg,foto2.jpg,foto3.jpg,foto4.jpg", "estacionamiento": 2, "niveles": 2, "amueblado": "no", "antiguedad": 2, "frente_m": 10, "fondo_m": 25, "uso_suelo": "Habitacional", "coordenadas": "21.043331431037963,-89.70124718007501", "orientacion": "Sur", "elevacion_msnm": 10, "ciudad": "Mérida", "estado": "Yucatán", "transaccion": "venta", "desarrollo": "Desarrollo ABCD EJEMPLO", "vendido": "no", "noLote": 25 }, "geometry": { "type": "Polygon", "coordinates": [ [ [ -89.701150925938165, 21.043100572716469 ], [ -89.701385311664808, 21.043132302308802 ], [ -89.701348301553267, 21.043558911679487 ], [ -89.701105204354477, 21.04352897328463 ], [ -89.701150925938165, 21.043100572716469 ] ] ] } },
{ "type": "Feature", "properties": { "id": "MER_CAS_0005", "titulo": "Casa exclusive 2 desarrollo EJEMPLO", "precio": 2300000, "folder": "MER_CAS_0005", "preview": "preview.jpg", "status": "venta", "moneda": "MXN", "recamaras": 3, "banos": 2, "superficie_m2": 250, "tipo": "casa", "lat": "21.04329961613778", "lng": "-89.70100660479127", "slug": "casa-afueras-merida", "destacado": "si", "fecha": "2026-05-19", "descripcion": "casa de amplio terreno, alrededor de la naturaleza con amplio patio", "fotos": "foto1.jpg,foto2.jpg,foto3.jpg,foto4.jpg", "estacionamiento": 2, "niveles": 2, "amueblado": "no", "antiguedad": 2, "frente_m": 10, "fondo_m": 25, "uso_suelo": "Habitacional", "coordenadas": "21.04329961613778,-89.70100660479127", "orientacion": "Sur", "elevacion_msnm": 10, "ciudad": "Mérida", "estado": "Yucatán", "transaccion": "venta", "desarrollo": "Desarrollo ABCD EJEMPLO", "vendido": "no", "noLote": 26 }, "geometry": { "type": "Polygon", "coordinates": [ [ [ -89.700910354833781, 21.043068005788534 ], [ -89.701150925938165, 21.043100572716469 ], [ -89.701105204354477, 21.04352897328463 ], [ -89.700860719019872, 21.04349886393528 ], [ -89.700910354833781, 21.043068005788534 ] ] ] } },
{ "type": "Feature", "properties": { "id": "MER_CAS_0005", "titulo": "Casa exclusive 2 desarrollo EJEMPLO", "precio": 2300000, "folder": "MER_CAS_0005", "preview": "preview.jpg", "status": "venta", "moneda": "MXN", "recamaras": 3, "banos": 2, "superficie_m2": 250, "tipo": "casa", "lat": "21.04323721904845", "lng": "-89.7005309684636", "slug": "casa-afueras-merida", "destacado": "si", "fecha": "2026-05-19", "descripcion": "casa de amplio terreno, alrededor de la naturaleza con amplio patio", "fotos": "foto1.jpg,foto2.jpg,foto3.jpg,foto4.jpg", "estacionamiento": 2, "niveles": 2, "amueblado": "no", "antiguedad": 2, "frente_m": 10, "fondo_m": 25, "uso_suelo": "Habitacional", "coordenadas": "21.04323721904845,-89.7005309684636", "orientacion": "Sur", "elevacion_msnm": 10, "ciudad": "Mérida", "estado": "Yucatán", "transaccion": "venta", "desarrollo": "Desarrollo ABCD EJEMPLO", "vendido": "no", "noLote": 27 }, "geometry": { "type": "Polygon", "coordinates": [ [ [ -89.700437362336729, 21.043003975186828 ], [ -89.700666838057629, 21.043035040094995 ], [ -89.700623762410871, 21.043469681778681 ], [ -89.700396255354036, 21.043441663372324 ], [ -89.700437362336729, 21.043003975186828 ] ] ] } },
{ "type": "Feature", "properties": { "id": "MER_CAS_0005", "titulo": "Casa exclusive 2 desarrollo EJEMPLO", "precio": 2300000, "folder": "MER_CAS_0005", "preview": "preview.jpg", "status": "venta", "moneda": "MXN", "recamaras": 3, "banos": 2, "superficie_m2": 250, "tipo": "casa", "lat": "21.043137204457025", "lng": "-89.69976281501113", "slug": "casa-afueras-merida", "destacado": "si", "fecha": "2026-05-19", "descripcion": "casa de amplio terreno, alrededor de la naturaleza con amplio patio", "fotos": "foto1.jpg,foto2.jpg,foto3.jpg,foto4.jpg", "estacionamiento": 2, "niveles": 2, "amueblado": "no", "antiguedad": 2, "frente_m": 10, "fondo_m": 25, "uso_suelo": "Habitacional", "coordenadas": "21.043137204457025,-89.69976281501113", "orientacion": "Sur", "elevacion_msnm": 10, "ciudad": "Mérida", "estado": "Yucatán", "transaccion": "venta", "desarrollo": "Desarrollo ABCD EJEMPLO", "vendido": "no", "noLote": 28 }, "geometry": { "type": "Polygon", "coordinates": [ [ [ -89.699655592978658, 21.042898144412124 ], [ -89.699902359089322, 21.042931549979116 ], [ -89.699866859995481, 21.043376466211033 ], [ -89.699626683352463, 21.04334688749433 ], [ -89.699655592978658, 21.042898144412124 ] ] ] } },
{ "type": "Feature", "properties": { "id": "CAM_LOT_0006", "titulo": "Terreno frente a carretera Campeche-Mérida", "precio": 6000000, "folder": "CAM_LOT_0006", "preview": "preview.JPG", "status": "venta", "moneda": "MXN", "recamaras": 0, "banos": 0, "superficie_m2": 48000, "tipo": "lote", "lat": "20.334673267680365", "lng": "-90.04713107937185", "slug": "lote-campeche-merida", "destacado": "si", "fecha": "2026-05-20", "descripcion": "Esta propiedad de 4.8 hectáreas (aproximadamente 11.8 acres) se ubica junto a la carretera Mérida-Campeche, cerca de Dzitbalché, justo después del pueblo de Calkiní, Campeche.", "fotos": "foto1.JPG,foto2.JPG,foto3.JPG,foto4.JPG,foto5.JPG", "estacionamiento": 0, "niveles": 0, "amueblado": "no", "antiguedad": 0, "frente_m": 100, "fondo_m": 450, "uso_suelo": "Terreno sin uso definido", "coordenadas": "20.334673267680365,-90.04713107937185", "orientacion": "Este", "elevacion_msnm": 1, "ciudad": "Dzitbalché", "estado": "Campeche", "transaccion": "venta", "desarrollo": null, "vendido": "no", "inmobiliaria": "tierras-yucatan-real-state", "noLote": 1 }, "geometry": { "type": "Polygon", "coordinates": [ [ [ -90.044672617388699, 20.335025450385213 ], [ -90.049709033535777, 20.335241066805214 ], [ -90.049681598053525, 20.334380805027756 ], [ -90.044664157774733, 20.334055395117286 ], [ -90.044672617388699, 20.335025450385213 ] ] ] } },
{ "type": "Feature", "properties": { "id": "MER_CAS_0007", "titulo": "Titulo de como describiria la casa o lote a vender", "precio": 9999999, "folder": "MER_CAS_0007", "preview": "preview.jpg", "status": "venta", "moneda": "MXN", "recamaras": 0, "banos": 0, "superficie_m2": 0, "tipo": "lote", "lat": "21.177694963182525", "lng": "-89.81055345425304", "slug": "lote-ciudad-maderas", "destacado": "si", "fecha": "2026-05-25", "descripcion": "Lote sobre desarrollo Ciudad Maderas, con amenidades premium", "fotos": "foto1.JPG,foto2.JPG,foto3.JPG,foto4.JPG,foto5.JPG", "estacionamiento": 0, "niveles": 0, "amueblado": "no", "antiguedad": 0, "frente_m": 0, "fondo_m": 0, "uso_suelo": "Habitacional", "coordenadas": "21.177694963182525,-89.81055345425304", "orientacion": null, "elevacion_msnm": 6, "ciudad": "Ciudad Maderas", "estado": "Yucatán", "transaccion": "venta", "desarrollo": "CIUDAD MADERAS", "vendido": "no", "inmobiliaria": null, "noLote": 1, "nombrecomplejo": "CONDOMINIO MALVA" }, "geometry": { "type": "Polygon", "coordinates": [ [ [ -89.810527867788466, 21.177585339122238 ], [ -89.810553881254521, 21.177812002880486 ], [ -89.810497653298285, 21.177838423648907 ], [ -89.810471954223729, 21.177836177362721 ], [ -89.810463115937878, 21.177831085889395 ], [ -89.81045084601179, 21.177594283815946 ], [ -89.810527867788466, 21.177585339122238 ] ] ] } },
{ "type": "Feature", "properties": { "id": "MER_CAS_0007", "titulo": "Titulo de como describiria la casa o lote a vender", "precio": 9999999, "folder": "MER_CAS_0007", "preview": "preview.jpg", "status": "venta", "moneda": "MXN", "recamaras": 0, "banos": 0, "superficie_m2": 0, "tipo": "lote", "lat": "21.1782509333709", "lng": "-89.81045990272617", "slug": "lote-ciudad-maderas", "destacado": "si", "fecha": "2026-05-25", "descripcion": "Lote sobre desarrollo Ciudad Maderas, con amenidades premium", "fotos": "foto1.JPG,foto2.JPG,foto3.JPG,foto4.JPG,foto5.JPG", "estacionamiento": 0, "niveles": 0, "amueblado": "no", "antiguedad": 0, "frente_m": 0, "fondo_m": 0, "uso_suelo": "Habitacional", "coordenadas": "21.1782509333709,-89.81045990272617", "orientacion": null, "elevacion_msnm": 6, "ciudad": "Ciudad Maderas", "estado": "Yucatán", "transaccion": "venta", "desarrollo": "CIUDAD MADERAS", "vendido": "no", "inmobiliaria": null, "noLote": 2, "nombrecomplejo": "CONDOMINIO MALVA" }, "geometry": { "type": "Polygon", "coordinates": [ [ [ -89.810510056957071, 21.178242475187144 ], [ -89.810336215786691, 21.178347168649889 ], [ -89.810302084315438, 21.178292892927114 ], [ -89.810477575983256, 21.178191886158519 ], [ -89.810510056957071, 21.178242475187144 ] ] ] } },
{ "type": "Feature", "properties": { "id": "MER_CAS_0008", "titulo": "Titulo de como describiria la casa o lote a vender", "precio": 9999999, "folder": "MER_CAS_0008", "preview": "preview.jpg", "status": "venta", "moneda": "MXN", "recamaras": 0, "banos": 0, "superficie_m2": 0, "tipo": "lote", "lat": "21.177050204191865", "lng": "-89.8113733218412", "slug": "lote-ciudad-maderas", "destacado": "si", "fecha": "2026-05-25", "descripcion": "Lote sobre desarrollo Ciudad Maderas, con amenidades premium", "fotos": "foto1.JPG,foto2.JPG,foto3.JPG,foto4.JPG,foto5.JPG", "estacionamiento": 0, "niveles": 0, "amueblado": "no", "antiguedad": 0, "frente_m": 0, "fondo_m": 0, "uso_suelo": "Habitacional", "coordenadas": "21.177050204191865,-89.8113733218412", "orientacion": null, "elevacion_msnm": 6, "ciudad": "Ciudad Maderas", "estado": "Yucatán", "transaccion": "venta", "desarrollo": "CIUDAD MADERAS", "vendido": "no", "inmobiliaria": null, "noLote": 1, "nombrecomplejo": "CONDOMINIO DURANTA" }, "geometry": { "type": "Polygon", "coordinates": [ [ [ -89.810390135315615, 21.177326874709212 ], [ -89.810484585072246, 21.177327809675685 ], [ -89.81048244495841, 21.177328117918002 ], [ -89.810504958979308, 21.177403144069832 ], [ -89.810867889333039, 21.177359673562332 ], [ -89.810857698251695, 21.177303158936429 ], [ -89.810843816894476, 21.177292694747091 ], [ -89.810770841140908, 21.177292839277271 ], [ -89.810748838747642, 21.177275023591815 ], [ -89.810650593051733, 21.17702425294252 ], [ -89.810910936552887, 21.176922596236686 ], [ -89.810949694079909, 21.176921951437652 ], [ -89.810997057919806, 21.176954318336257 ], [ -89.811034756406499, 21.176957969186621 ], [ -89.811057372969756, 21.176947967291568 ], [ -89.811083090874106, 21.177041656511179 ], [ -89.811129003994296, 21.177117897515121 ], [ -89.811186498451917, 21.177203571418683 ], [ -89.811158107680711, 21.177239872462128 ], [ -89.811090963055634, 21.177246871939737 ], [ -89.811079236447426, 21.177259901195708 ], [ -89.811089181180449, 21.177333532099517 ], [ -89.81174969692897, 21.177258370459281 ], [ -89.81179974541557, 21.177312082667452 ], [ -89.811816925262093, 21.177316074805113 ], [ -89.811869921864997, 21.177314658058101 ], [ -89.811912052288591, 21.177281336780258 ], [ -89.811923974580409, 21.177248518245406 ], [ -89.811922656213682, 21.177208968244788 ], [ -89.811891180318597, 21.177172593926169 ], [ -89.81186933964203, 21.17716333180249 ], [ -89.811845360696836, 21.177161591845501 ], [ -89.811325333512414, 21.177218908316526 ], [ -89.811250453191207, 21.177148496922769 ], [ -89.811188999308939, 21.177064493189192 ], [ -89.811153669069057, 21.17700518832368 ], [ -89.811136658580082, 21.17694985669511 ], [ -89.811138655338468, 21.17693485029795 ], [ -89.811163349530673, 21.176914118697159 ], [ -89.811180104671138, 21.176895658210078 ], [ -89.811182020539448, 21.176876375108765 ], [ -89.811178317660378, 21.176861463543172 ], [ -89.811372165824821, 21.17686144668933 ], [ -89.811514272359247, 21.176838761339933 ], [ -89.811651576436148, 21.176803321646162 ], [ -89.811720727619743, 21.176781850160673 ], [ -89.811673532843685, 21.176698144077587 ], [ -89.811605622734717, 21.176724942449603 ], [ -89.81157338124703, 21.176708366769205 ], [ -89.811363411724955, 21.176217745890956 ], [ -89.811314065199838, 21.176170973649384 ], [ -89.811271318156528, 21.176171684892406 ], [ -89.811247526600837, 21.176111785785185 ], [ -89.811482468302358, 21.176023921104814 ], [ -89.812084713594913, 21.177404531832156 ], [ -89.81045084601179, 21.177594283815946 ], [ -89.810390135315615, 21.177326874709212 ] ] ] } },
{ "type": "Feature", "properties": { "id": "MER_CAS_0008", "titulo": "Titulo de como describiria la casa o lote a vender", "precio": 9999999, "folder": "MER_CAS_0008", "preview": "preview.jpg", "status": "venta", "moneda": "MXN", "recamaras": 0, "banos": 0, "superficie_m2": 0, "tipo": "lote", "lat": "21.176601681574002", "lng": "-89.81073977306436", "slug": "lote-ciudad-maderas", "destacado": "si", "fecha": "2026-05-25", "descripcion": "Lote sobre desarrollo Ciudad Maderas, con amenidades premium", "fotos": "foto1.JPG,foto2.JPG,foto3.JPG,foto4.JPG,foto5.JPG", "estacionamiento": 0, "niveles": 0, "amueblado": "no", "antiguedad": 0, "frente_m": 0, "fondo_m": 0, "uso_suelo": "Habitacional", "coordenadas": "21.176601681574002,-89.81073977306436", "orientacion": null, "elevacion_msnm": 6, "ciudad": "Ciudad Maderas", "estado": "Yucatán", "transaccion": "venta", "desarrollo": "CIUDAD MADERAS", "vendido": "no", "inmobiliaria": null, "noLote": 2, "nombrecomplejo": "CONDOMINIO DURANTA" }, "geometry": { "type": "Polygon", "coordinates": [ [ [ -89.811220328094478, 21.176121957619529 ], [ -89.811242761999651, 21.176181143920626 ], [ -89.811233923188325, 21.176184071714186 ], [ -89.811196554765942, 21.176228008706445 ], [ -89.811193862950375, 21.176266555943833 ], [ -89.811216208982444, 21.176302547577155 ], [ -89.811266351687379, 21.176331124886371 ], [ -89.811300529137299, 21.176329486713755 ], [ -89.811312181132877, 21.176342661746499 ], [ -89.811452246359792, 21.176649152880902 ], [ -89.81148269973778, 21.17672190773656 ], [ -89.811470656032, 21.176748311193457 ], [ -89.811425881765402, 21.176762425128089 ], [ -89.811216196106685, 21.176769122616673 ], [ -89.811154229352525, 21.176718282272283 ], [ -89.811136479623798, 21.176714299540173 ], [ -89.811088279224251, 21.176697989282488 ], [ -89.811060536828279, 21.176678130106247 ], [ -89.811039512669481, 21.176651742076409 ], [ -89.810934905119552, 21.176486638444363 ], [ -89.810897618796389, 21.176444478245237 ], [ -89.810901551704646, 21.176411257922098 ], [ -89.810884945776976, 21.176377309774175 ], [ -89.810821623236379, 21.176345208308057 ], [ -89.810749052302, 21.176366736306875 ], [ -89.810729160430739, 21.176400222111305 ], [ -89.810736032675777, 21.176462139534042 ], [ -89.810786998053132, 21.176504072213696 ], [ -89.810832756768164, 21.176511867084596 ], [ -89.810943839835687, 21.176657611829878 ], [ -89.81094947117117, 21.176714202314219 ], [ -89.810925100485406, 21.176752040704415 ], [ -89.810895131252778, 21.176795319795605 ], [ -89.810640244976497, 21.176884051522954 ], [ -89.810607477888141, 21.176839677059444 ], [ -89.810432547989166, 21.176935634519268 ], [ -89.810469996065322, 21.176986348233406 ], [ -89.810411447572449, 21.177025824590025 ], [ -89.8103006836605, 21.176776331396784 ], [ -89.810309317914431, 21.176750519469568 ], [ -89.810546046288707, 21.176666368341785 ], [ -89.810507991795347, 21.176583579336 ], [ -89.810047735055562, 21.176756474432455 ], [ -89.810097748493334, 21.176838529906615 ], [ -89.810178179969597, 21.176795481157097 ], [ -89.81020976042727, 21.17680725530278 ], [ -89.810232268051493, 21.176851800497197 ], [ -89.810308740843908, 21.177036623816203 ], [ -89.810191834190277, 21.17711811333929 ], [ -89.81006321632043, 21.17719084039831 ], [ -89.809988837457965, 21.17687550150287 ], [ -89.809905210258194, 21.176613792009036 ], [ -89.811220328094478, 21.176121957619529 ] ] ] } },
{ "type": "Feature", "properties": { "id": "MER_CAS_0008", "titulo": "Titulo de como describiria la casa o lote a vender", "precio": 9999999, "folder": "MER_CAS_0008", "preview": "preview.jpg", "status": "venta", "moneda": "MXN", "recamaras": 0, "banos": 0, "superficie_m2": 0, "tipo": "lote", "lat": "21.1759064984956", "lng": "-89.81045305924631", "slug": "lote-ciudad-maderas", "destacado": "si", "fecha": "2026-05-25", "descripcion": "Lote sobre desarrollo Ciudad Maderas, con amenidades premium", "fotos": "foto1.JPG,foto2.JPG,foto3.JPG,foto4.JPG,foto5.JPG", "estacionamiento": 0, "niveles": 0, "amueblado": "no", "antiguedad": 0, "frente_m": 0, "fondo_m": 0, "uso_suelo": "Habitacional", "coordenadas": "21.1759064984956,-89.81045305924631", "orientacion": null, "elevacion_msnm": 6, "ciudad": "Ciudad Maderas", "estado": "Yucatán", "transaccion": "venta", "desarrollo": "CIUDAD MADERAS", "vendido": "no", "inmobiliaria": null, "noLote": 1, "nombrecomplejo": "CONDOMINIO LILO" }, "geometry": { "type": "Polygon", "coordinates": [ [ [ -89.811192385519703, 21.176037704840144 ], [ -89.811220328094478, 21.176121957619529 ], [ -89.809905210258194, 21.176613792009036 ], [ -89.809892291604058, 21.1766165469461 ], [ -89.80987500877454, 21.176546781237612 ], [ -89.809854215239014, 21.176472261098326 ], [ -89.80983034554599, 21.176415973838836 ], [ -89.80977782420878, 21.176291714176866 ], [ -89.809731265316898, 21.176181259014513 ], [ -89.809688894242839, 21.176111375709056 ], [ -89.809529447363644, 21.175819910788341 ], [ -89.809525965108307, 21.175813603191127 ], [ -89.80961764576837, 21.175765503299388 ], [ -89.809645482859054, 21.175760227604275 ], [ -89.809694923802155, 21.175781865259502 ], [ -89.809753504327063, 21.175804420429991 ], [ -89.809778602773747, 21.175805072578168 ], [ -89.80980149211679, 21.175809504755886 ], [ -89.809906962965982, 21.176050530363618 ], [ -89.809947248324804, 21.176191036176871 ], [ -89.809986866772249, 21.176296259122136 ], [ -89.810078974437019, 21.176463710376012 ], [ -89.810161542092914, 21.176428112716618 ], [ -89.810117606344036, 21.176335795791321 ], [ -89.810680185646703, 21.176116813761158 ], [ -89.810705344784566, 21.176120673294868 ], [ -89.810757106247635, 21.176144411035605 ], [ -89.810801745145298, 21.176153294067035 ], [ -89.810828880861862, 21.176141078008101 ], [ -89.810860272984172, 21.176112748444798 ], [ -89.810861521694775, 21.176058182519782 ], [ -89.810848335586869, 21.176024177471206 ], [ -89.810811292032255, 21.175994847353159 ], [ -89.810774693277537, 21.175989039108821 ], [ -89.810713582357735, 21.176013584975362 ], [ -89.810080469767385, 21.176241226743279 ], [ -89.810048620583501, 21.176185072226787 ], [ -89.809941488012143, 21.175886320651589 ], [ -89.809893073761259, 21.175798356167149 ], [ -89.809890086538147, 21.175760972872858 ], [ -89.809905257179196, 21.175719009561792 ], [ -89.809921709209291, 21.175684511534755 ], [ -89.809921878996818, 21.17563317206513 ], [ -89.809913212395557, 21.175596952732054 ], [ -89.810059764571108, 21.175507884941158 ], [ -89.810076349985906, 21.175540764027929 ], [ -89.810318412427804, 21.175437273433591 ], [ -89.810294684277295, 21.175388470474068 ], [ -89.810327600348856, 21.175380436418273 ], [ -89.810350540166453, 21.175387541469647 ], [ -89.810365783568898, 21.175409747712468 ], [ -89.810446200887014, 21.175622312780689 ], [ -89.810433863938471, 21.17563321311243 ], [ -89.810180321254634, 21.175732616774948 ], [ -89.810220695562208, 21.175817506342746 ], [ -89.810639534324366, 21.175655460386924 ], [ -89.810622867911576, 21.175618304664358 ], [ -89.810591726251687, 21.175599571440582 ], [ -89.81054692580642, 21.175582134918898 ], [ -89.810468295165535, 21.175403764611399 ], [ -89.81045049604694, 21.175392199806744 ], [ -89.81043539315985, 21.175382386849293 ], [ -89.810437218166228, 21.175358292448696 ], [ -89.810467682564123, 21.175341208283587 ], [ -89.810492363457044, 21.175394819686762 ], [ -89.810632481219116, 21.175342745159877 ], [ -89.810617494402223, 21.175303957224386 ], [ -89.81075339468137, 21.175254638054565 ], [ -89.810806445027424, 21.175225948237777 ], [ -89.810816744690953, 21.175227915929064 ], [ -89.810896010081066, 21.175379537665929 ], [ -89.810936789017973, 21.17548581055954 ], [ -89.810969244887687, 21.175574040183783 ], [ -89.810996203402041, 21.175673056380592 ], [ -89.81101339560486, 21.175738010639769 ], [ -89.811089282204208, 21.175891827470725 ], [ -89.8110932605031, 21.175981600344915 ], [ -89.811112166480385, 21.176016579719327 ], [ -89.811161526791565, 21.176033940206342 ], [ -89.811192385519703, 21.176037704840144 ] ] ] } },
{ "type": "Feature", "properties": { "id": "MER_CAS_0008", "titulo": "Titulo de como describiria la casa o lote a vender", "precio": 9999999, "folder": "MER_CAS_0008", "preview": "preview.jpg", "status": "venta", "moneda": "MXN", "recamaras": 0, "banos": 0, "superficie_m2": 0, "tipo": "lote", "lat": "21.17465893072297", "lng": "-89.80991197972435", "slug": "lote-ciudad-maderas", "destacado": "si", "fecha": "2026-05-25", "descripcion": "Lote sobre desarrollo Ciudad Maderas, con amenidades premium", "fotos": "foto1.JPG,foto2.JPG,foto3.JPG,foto4.JPG,foto5.JPG", "estacionamiento": 0, "niveles": 0, "amueblado": "no", "antiguedad": 0, "frente_m": 0, "fondo_m": null, "uso_suelo": "Habitacional", "coordenadas": "21.17465893072297,-89.80991197972435", "orientacion": null, "elevacion_msnm": 6, "ciudad": "Ciudad Maderas", "estado": "Yucatán", "transaccion": "venta", "desarrollo": "CIUDAD MADERAS", "vendido": "no", "inmobiliaria": null, "noLote": 1, "nombrecomplejo": "CONDOMINIO DHALIA" }, "geometry": { "type": "Polygon", "coordinates": [ [ [ -89.808814387346487, 21.174906395331 ], [ -89.808854651762658, 21.174895873007419 ], [ -89.808892349728026, 21.174899524401155 ], [ -89.808939661983274, 21.174929219059774 ], [ -89.808960790797869, 21.174931006848233 ], [ -89.808994988215503, 21.174930438353631 ], [ -89.809031904091299, 21.174922872818001 ], [ -89.809072320520215, 21.174919527136314 ], [ -89.809099300434468, 21.174929238991599 ], [ -89.809123284906477, 21.1749614604363 ], [ -89.809288880667182, 21.17515603268464 ], [ -89.809295554322475, 21.175177312007708 ], [ -89.80928950705345, 21.175189177202448 ], [ -89.809243663762089, 21.175207051606382 ], [ -89.809278918907879, 21.175285074737179 ], [ -89.809763260257853, 21.175097075760245 ], [ -89.809866224483173, 21.175054722056206 ], [ -89.809885259448279, 21.175036223787728 ], [ -89.809893752242886, 21.175002927638122 ], [ -89.809880485631211, 21.174964645765222 ], [ -89.809848062813558, 21.17493844709065 ], [ -89.809815963359597, 21.174929355249173 ], [ -89.809772525405975, 21.174923660485938 ], [ -89.80974891057582, 21.174941165384446 ], [ -89.809727777656164, 21.17496932414662 ], [ -89.809714907049297, 21.175012318709978 ], [ -89.809715230391859, 21.175029425551905 ], [ -89.809394635152628, 21.175140638087189 ], [ -89.809141575793362, 21.174843242427691 ], [ -89.8091354115233, 21.174818746083741 ], [ -89.80912959919506, 21.17475253283909 ], [ -89.80910845443961, 21.174719729425618 ], [ -89.809105649305977, 21.174691968692873 ], [ -89.809130161647175, 21.174661614790832 ], [ -89.80915275783623, 21.174650543995117 ], [ -89.809170705104634, 21.174695165215844 ], [ -89.809462187338241, 21.174612244589767 ], [ -89.809436220211666, 21.174565617720788 ], [ -89.809464596738351, 21.174558728835979 ], [ -89.809490976336221, 21.174566846343012 ], [ -89.809500479552355, 21.174587009098634 ], [ -89.809581954170511, 21.174795279119827 ], [ -89.809664581723794, 21.174762889320487 ], [ -89.809539184206088, 21.174523264244559 ], [ -89.809600011886076, 21.17448375035702 ], [ -89.809675860436244, 21.17445468182553 ], [ -89.809710975341773, 21.174442333289477 ], [ -89.809720074409086, 21.174441112476782 ], [ -89.809753778457463, 21.17447477648081 ], [ -89.809895236465948, 21.174417879034319 ], [ -89.809871710745895, 21.174379767752132 ], [ -89.809882368099437, 21.174370499666558 ], [ -89.809918824968818, 21.174368823911056 ], [ -89.809936075172715, 21.174376558406191 ], [ -89.810017770550175, 21.174536161638265 ], [ -89.810061907676172, 21.174639170446451 ], [ -89.810062776750499, 21.17468514507236 ], [ -89.81012500300946, 21.174840259184531 ], [ -89.810165599312455, 21.174936909753328 ], [ -89.810215909158771, 21.175004521898195 ], [ -89.810242309077864, 21.175013708451168 ], [ -89.810287946035544, 21.175015088462679 ], [ -89.810326238180849, 21.174989852789288 ], [ -89.81034490923399, 21.174952109289215 ], [ -89.81034076181632, 21.174913675792322 ], [ -89.810289756724984, 21.174869604542017 ], [ -89.81023033980351, 21.174863106139238 ], [ -89.810209356501574, 21.17483885631038 ], [ -89.810190309424627, 21.174796392549712 ], [ -89.810137060928426, 21.174633642566647 ], [ -89.810124550195113, 21.174575027388769 ], [ -89.810076973113496, 21.17447100629219 ], [ -89.810033321094906, 21.174393657739575 ], [ -89.810017875757907, 21.174360759672997 ], [ -89.810040209085798, 21.174335789464223 ], [ -89.810148257834939, 21.174321158436882 ], [ -89.810333759649595, 21.174302030655994 ], [ -89.810423751720023, 21.174297325385414 ], [ -89.810607241880987, 21.174714592113812 ], [ -89.810579532492, 21.174756764024487 ], [ -89.810559620535031, 21.174789180617914 ], [ -89.810571868671332, 21.174833896442014 ], [ -89.810603212307583, 21.174863321457313 ], [ -89.810656949885384, 21.174870983709283 ], [ -89.810705723501883, 21.174857338254711 ], [ -89.810732373820287, 21.174819461994048 ], [ -89.810726742729841, 21.174762871474115 ], [ -89.810687589283759, 21.174682239764341 ], [ -89.810386033221434, 21.173991002404168 ], [ -89.810307986113301, 21.174024385839285 ], [ -89.810356359458481, 21.174110211903603 ], [ -89.810351246090818, 21.17414131283288 ], [ -89.810326471332829, 21.174157767573458 ], [ -89.81031083603601, 21.17417513982311 ], [ -89.810296704462743, 21.17421173830304 ], [ -89.810285527725355, 21.1742236888328 ], [ -89.810104646257258, 21.174245948255457 ], [ -89.809955823601015, 21.174275160972005 ], [ -89.809776667935068, 21.174328407250936 ], [ -89.809553924568391, 21.174428367182912 ], [ -89.809450063209013, 21.174483569748581 ], [ -89.809360636692901, 21.174518211500185 ], [ -89.809205236738478, 21.174561436628633 ], [ -89.809045297235329, 21.174605806602166 ], [ -89.808932235424663, 21.174656883769583 ], [ -89.808873646890831, 21.174694221188659 ], [ -89.808853734542623, 21.174726637621504 ], [ -89.80883610201181, 21.174759016155438 ], [ -89.808815987625906, 21.174780740800735 ], [ -89.80879001205237, 21.174794006758546 ], [ -89.808754755554062, 21.174798870870536 ], [ -89.808727370316419, 21.174804876324512 ], [ -89.808725137112972, 21.174802270942617 ], [ -89.808558069259959, 21.174590075505453 ], [ -89.810530351280548, 21.173846056036798 ], [ -89.81097174033458, 21.174846729973918 ], [ -89.809302356145309, 21.175478768422124 ], [ -89.809167941804759, 21.175305068112344 ], [ -89.808841734543279, 21.174938300123049 ], [ -89.808814387346487, 21.174906395331 ] ] ] } },
{ "type": "Feature", "properties": { "id": "MER_CAS_0008", "titulo": "Titulo de como describiria la casa o lote a vender", "precio": 9999999, "folder": "MER_CAS_0008", "preview": "preview.jpg", "status": "venta", "moneda": "MXN", "recamaras": 0, "banos": 0, "superficie_m2": 0, "tipo": "lote", "lat": "21.17250972350591", "lng": "-89.80915967833779", "slug": "lote-ciudad-maderas", "destacado": "si", "fecha": "2026-05-25", "descripcion": "Lote sobre desarrollo Ciudad Maderas, con amenidades premium", "fotos": "foto1.JPG,foto2.JPG,foto3.JPG,foto4.JPG,foto5.JPG", "estacionamiento": 0, "niveles": 0, "amueblado": "no", "antiguedad": 0, "frente_m": 0, "fondo_m": 0, "uso_suelo": "Habitacional", "coordenadas": "21.17250972350591,-89.80915967833779", "orientacion": null, "elevacion_msnm": 6, "ciudad": "Ciudad Maderas", "estado": "Yucatán", "transaccion": "venta", "desarrollo": "CIUDAD MADERAS", "vendido": "no", "inmobiliaria": null, "noLote": 2, "nombrecomplejo": "CONDOMINIO LIRIO" }, "geometry": { "type": "Polygon", "coordinates": [ [ [ -89.808930883039423, 21.173016271300234 ], [ -89.809106255939255, 21.172948921046469 ], [ -89.809139322968718, 21.173004250283896 ], [ -89.809882024268589, 21.172723454302538 ], [ -89.809937232518323, 21.172688311858987 ], [ -89.809949799820714, 21.172629279632279 ], [ -89.809928574427076, 21.172592199589936 ], [ -89.809872153757468, 21.172563191360336 ], [ -89.80981200201731, 21.172578095214551 ], [ -89.809784030018406, 21.172606367672572 ], [ -89.809775900991198, 21.172658909013997 ], [ -89.809345690285667, 21.17282221072519 ], [ -89.80931858610316, 21.172815959034491 ], [ -89.809226837433471, 21.172725648672525 ], [ -89.809136473913838, 21.172662373934781 ], [ -89.809048075139415, 21.172610545935278 ], [ -89.809033751682421, 21.172592744889126 ], [ -89.809033379975503, 21.172573072003701 ], [ -89.809055544334214, 21.172543184973993 ], [ -89.809246505631677, 21.172471133829657 ], [ -89.809340362279059, 21.172441694867732 ], [ -89.809453166279098, 21.172397181561514 ], [ -89.809557138076499, 21.172347895263233 ], [ -89.8096107943297, 21.172319124517443 ], [ -89.809658419659598, 21.17234129159182 ], [ -89.809709996328408, 21.172341254015823 ], [ -89.809739384227328, 21.172323546218657 ], [ -89.809765701108745, 21.172282110619722 ], [ -89.809764895547602, 21.172239486059848 ], [ -89.80974248991653, 21.172210340009688 ], [ -89.809701902433844, 21.172190515823821 ], [ -89.809659064991095, 21.172190408092479 ], [ -89.809626057509078, 21.172201616367733 ], [ -89.809584527712971, 21.17222444577774 ], [ -89.809477339155777, 21.172288544858066 ], [ -89.809347258235306, 21.172344004883701 ], [ -89.809236016205787, 21.17237865262145 ], [ -89.809130033118933, 21.172414032831071 ], [ -89.809045101478247, 21.172453162852637 ], [ -89.808989697208332, 21.172481962489069 ], [ -89.80894683753796, 21.172526952812262 ], [ -89.808926235151716, 21.172546974333496 ], [ -89.808901873799442, 21.172553118995733 ], [ -89.808879855440722, 21.172544465410194 ], [ -89.808834101863354, 21.172528826688808 ], [ -89.808766469322819, 21.172511911685923 ], [ -89.808684104042285, 21.172501801211855 ], [ -89.808617593210585, 21.172497986882618 ], [ -89.808585450740054, 21.172462442799567 ], [ -89.808557144634634, 21.172444874097071 ], [ -89.80852722231775, 21.172434301920948 ], [ -89.808516386873222, 21.172416032872807 ], [ -89.808510953182591, 21.17238291474586 ], [ -89.808514255300608, 21.172372610350035 ], [ -89.808566609655585, 21.172390599346269 ], [ -89.808619068418224, 21.172229015077058 ], [ -89.808628803406833, 21.172142757349462 ], [ -89.80857960075987, 21.172129635751698 ], [ -89.808586266918624, 21.172112305774764 ], [ -89.808602685535263, 21.172102193364733 ], [ -89.808628841124474, 21.172098478814846 ], [ -89.808961883323946, 21.172189698720711 ], [ -89.809030281231159, 21.172200861207802 ], [ -89.80906678444407, 21.172189594936654 ], [ -89.809091570500954, 21.172159664327591 ], [ -89.809104902694344, 21.172125004346267 ], [ -89.80909276738106, 21.172084208018951 ], [ -89.809058111571716, 21.172054445532918 ], [ -89.809015072813693, 21.172043681486631 ], [ -89.80897075083692, 21.172057537590877 ], [ -89.808935586167848, 21.17209338042284 ], [ -89.808515747685874, 21.171988843654635 ], [ -89.808494309145928, 21.171964601106662 ], [ -89.808484857700634, 21.171927039959652 ], [ -89.808458082771338, 21.171897966323147 ], [ -89.808422909333203, 21.171887071403912 ], [ -89.808375748805858, 21.171889495065905 ], [ -89.808330143460267, 21.171927971173361 ], [ -89.808322882059528, 21.171960070339971 ], [ -89.808345643512936, 21.172008069808879 ], [ -89.808365256784981, 21.17202824290349 ], [ -89.808406748968039, 21.172049692320648 ], [ -89.808475270670499, 21.172067412676721 ], [ -89.808491968010472, 21.172072054949012 ], [ -89.808499501306699, 21.172100628397782 ], [ -89.808466736577031, 21.172263525264768 ], [ -89.808445191497697, 21.172326200386603 ], [ -89.808403384607118, 21.172426930459103 ], [ -89.808378443520184, 21.172448663946309 ], [ -89.808363710754094, 21.172455468477132 ], [ -89.808295219841511, 21.172439387503093 ], [ -89.808168541868952, 21.1723875591798 ], [ -89.808293432664769, 21.172080044601223 ], [ -89.80816475273194, 21.171907852013764 ], [ -89.808228653979924, 21.171729250657251 ], [ -89.808587459268878, 21.171830239328894 ], [ -89.80907099789205, 21.171954822194614 ], [ -89.80978495687468, 21.172084128691942 ], [ -89.81010439770256, 21.172839207513668 ], [ -89.80840334533174, 21.173492116558126 ], [ -89.808361702879125, 21.173460723191319 ], [ -89.808234293853516, 21.173355889111935 ], [ -89.808151413027602, 21.173314485850767 ], [ -89.80814697965468, 21.173311402838678 ], [ -89.808296660173497, 21.173250134696083 ], [ -89.808344405195555, 21.173297675709939 ], [ -89.80887772333584, 21.173099507544585 ], [ -89.808918254705603, 21.173072095961576 ], [ -89.808930066359011, 21.173033397105627 ], [ -89.808930883039423, 21.173016271300234 ] ] ] } },
{ "type": "Feature", "properties": { "id": "MER_CAS_0007", "titulo": "Titulo de como describiria la casa o lote a vender", "precio": 9999999, "folder": "MER_CAS_0007", "preview": "preview.jpg", "status": "venta", "moneda": "MXN", "recamaras": 0, "banos": 0, "superficie_m2": 0, "tipo": "lote", "lat": "21.17368835218681", "lng": "-89.80949974696415", "slug": "lote-ciudad-maderas", "destacado": "si", "fecha": "2026-05-25", "descripcion": "Lote sobre desarrollo Ciudad Maderas, con amenidades premium", "fotos": "foto1.JPG,foto2.JPG,foto3.JPG,foto4.JPG,foto5.JPG", "estacionamiento": 0, "niveles": 0, "amueblado": "no", "antiguedad": 0, "frente_m": 0, "fondo_m": 0, "uso_suelo": "Habitacional", "coordenadas": "21.17368835218681,-89.80949974696415", "orientacion": null, "elevacion_msnm": 6, "ciudad": "Ciudad Maderas", "estado": "Yucatán", "transaccion": "venta", "desarrollo": "CIUDAD MADERAS", "vendido": "no", "inmobiliaria": null, "noLote": 1, "nombrecomplejo": "CONDOMINIO NARCISO" }, "geometry": { "type": "Polygon", "coordinates": [ [ [ -89.80857619459438, 21.173829349419393 ], [ -89.808644625894658, 21.173858459227972 ], [ -89.808714119759301, 21.173855165110044 ], [ -89.808750859358682, 21.173868458120609 ], [ -89.808775423614492, 21.17390120476135 ], [ -89.808779610972493, 21.17394177670619 ], [ -89.808768376419422, 21.174071374690538 ], [ -89.808751511568346, 21.174144381998797 ], [ -89.808716690978343, 21.174232660967792 ], [ -89.808519740590725, 21.174309731048925 ], [ -89.808556572578951, 21.174388262942152 ], [ -89.809161001153598, 21.174151478624704 ], [ -89.809291193090772, 21.17416214836781 ], [ -89.809318299996107, 21.174208756322471 ], [ -89.809405486943859, 21.174176290871966 ], [ -89.809213043246046, 21.173767727393457 ], [ -89.809148634370757, 21.173798744546993 ], [ -89.809222702784538, 21.173977191572632 ], [ -89.809214048230771, 21.174001934276536 ], [ -89.809186015259286, 21.17402699913907 ], [ -89.809172982905395, 21.174061440247758 ], [ -89.808878708027592, 21.174177561655753 ], [ -89.808907130488336, 21.173992063217199 ], [ -89.808905251705212, 21.173892629616532 ], [ -89.808866818125452, 21.173910380715967 ], [ -89.808854870665883, 21.173760847302781 ], [ -89.808821911507181, 21.173645887606121 ], [ -89.808836184831208, 21.173616773463372 ], [ -89.80889265478983, 21.173588027424017 ], [ -89.808961683864638, 21.173560142113114 ], [ -89.809066049907813, 21.173531669354549 ], [ -89.809154618890616, 21.173512015260322 ], [ -89.809306476872592, 21.173462432077503 ], [ -89.809398000759515, 21.173418129914346 ], [ -89.80948602406059, 21.173369607851043 ], [ -89.809513846427492, 21.173393744097176 ], [ -89.809530370815068, 21.173423415750548 ], [ -89.809601524878389, 21.173628648891675 ], [ -89.80966586824546, 21.173775171964248 ], [ -89.809697999567192, 21.173846295129618 ], [ -89.809687004667879, 21.173867868222615 ], [ -89.809622656494881, 21.173902093084095 ], [ -89.809657047436545, 21.173972109171061 ], [ -89.810289929311395, 21.173732708992198 ], [ -89.81033611962765, 21.173703063937616 ], [ -89.810358371963247, 21.173673816993183 ], [ -89.810354062923281, 21.173626830070269 ], [ -89.810303017895635, 21.173580620414835 ], [ -89.810229025300487, 21.173587198529415 ], [ -89.810202253759385, 21.173618659641015 ], [ -89.810196384467801, 21.173670093895517 ], [ -89.810171629972601, 21.173687617784694 ], [ -89.809801427784009, 21.173828532641245 ], [ -89.809796866064303, 21.173788241326815 ], [ -89.809746843338203, 21.173715733317493 ], [ -89.809709029154575, 21.173629063479151 ], [ -89.809704036873313, 21.173611324736566 ], [ -89.809678046564059, 21.173477300631092 ], [ -89.809637984344477, 21.173380180369509 ], [ -89.809626100904595, 21.173349004823763 ], [ -89.809613325861349, 21.173316621771143 ], [ -89.80962294048031, 21.173298752264447 ], [ -89.809636290832472, 21.173290571025365 ], [ -89.809664571073213, 21.173339315208423 ], [ -89.80988946629715, 21.173263544610517 ], [ -89.809870685526988, 21.173230820377057 ], [ -89.809894448969942, 21.173225468132774 ], [ -89.809934709222645, 21.173244049924705 ], [ -89.809980466898438, 21.173251845154979 ], [ -89.810009065447488, 21.173256717167323 ], [ -89.810080998329894, 21.173422522062058 ], [ -89.810163510467589, 21.173398333122506 ], [ -89.809978049420437, 21.172963008391879 ], [ -89.809907576981658, 21.173005141645 ], [ -89.809929708021102, 21.173071377203446 ], [ -89.809891582624388, 21.173099717283193 ], [ -89.809843573654916, 21.17316259429672 ], [ -89.809769742878899, 21.173177725611662 ], [ -89.809638120697016, 21.17321199952281 ], [ -89.809473008613566, 21.17328426312524 ], [ -89.809328374172068, 21.173354047113182 ], [ -89.809225471481042, 21.173399607917307 ], [ -89.809111966149445, 21.173427163178545 ], [ -89.808915712509531, 21.173480692709557 ], [ -89.80877885488448, 21.173539651851225 ], [ -89.808707848969817, 21.173583612664828 ], [ -89.808653214381962, 21.173588798820028 ], [ -89.808607820217233, 21.173600248461643 ], [ -89.808556354185555, 21.173652440563856 ], [ -89.808535241372425, 21.17368166836409 ], [ -89.80849860180534, 21.173688023799226 ], [ -89.80849589355239, 21.173683091053132 ], [ -89.80840334533174, 21.173492116558126 ], [ -89.81010439770256, 21.172839207513668 ], [ -89.810530351280548, 21.173846056036798 ], [ -89.808558069259959, 21.174590075505453 ], [ -89.808424346468755, 21.174362352448242 ], [ -89.808437015439381, 21.174308666156268 ], [ -89.808532219724398, 21.17415735176937 ], [ -89.808566394028261, 21.174034859105891 ], [ -89.80857619459438, 21.173829349419393 ] ] ] } },
{ "type": "Feature", "properties": { "id": "MER_CAS_0008", "titulo": "Titulo de como describiria la casa o lote a vender", "precio": 9999999, "folder": "MER_CAS_0008", "preview": "preview.jpg", "status": "venta", "moneda": "MXN", "recamaras": 0, "banos": 0, "superficie_m2": 0, "tipo": "lote", "lat": "21.17536922703538", "lng": "-89.81060975472896", "slug": "lote-ciudad-maderas", "destacado": "si", "fecha": "2026-05-25", "descripcion": "Lote sobre desarrollo Ciudad Maderas, con amenidades premium", "fotos": "foto1.JPG,foto2.JPG,foto3.JPG,foto4.JPG,foto5.JPG", "estacionamiento": 0, "niveles": 0, "amueblado": "no", "antiguedad": 0, "frente_m": 0, "fondo_m": 0, "uso_suelo": "Habitacional", "coordenadas": "21.17536922703538,-89.81060975472896", "orientacion": null, "elevacion_msnm": 6, "ciudad": "Ciudad Maderas", "estado": "Yucatán", "transaccion": "venta", "desarrollo": "CIUDAD MADERAS", "vendido": "no", "inmobiliaria": null, "noLote": 3, "nombrecomplejo": "CONDOMINIO LILO" }, "geometry": { "type": "Polygon", "coordinates": [ [ [ -89.811247526600837, 21.176111785785181 ], [ -89.811247526600837, 21.176111785785178 ], [ -89.811220517369009, 21.176028386364344 ], [ -89.811222981378179, 21.176027570178764 ], [ -89.811263290543138, 21.175988397063261 ], [ -89.811265840797446, 21.175942365593677 ], [ -89.811229815789261, 21.175906601551421 ], [ -89.811181554995244, 21.175887083762522 ], [ -89.811136842888899, 21.175814031287317 ], [ -89.811087942733977, 21.175700406990853 ], [ -89.811040028481372, 21.175518317456643 ], [ -89.810886125460229, 21.17515831294395 ], [ -89.810780581584027, 21.175003919783656 ], [ -89.810705994255216, 21.175039384915859 ], [ -89.81077166909202, 21.175135618130739 ], [ -89.81068696398404, 21.175178738157285 ], [ -89.810493312173165, 21.175249338613977 ], [ -89.810390004408532, 21.175273516686449 ], [ -89.810170255504687, 21.175350967934929 ], [ -89.810049133379067, 21.175397901865367 ], [ -89.809847331659086, 21.175519973820467 ], [ -89.809806233995005, 21.175517448705644 ], [ -89.809721779041453, 21.175513505533715 ], [ -89.809682185060652, 21.175530206629428 ], [ -89.809630658238106, 21.175579191548337 ], [ -89.809595130660327, 21.175630049447058 ], [ -89.809461004666787, 21.175697202922574 ], [ -89.809302356145309, 21.175478768422128 ], [ -89.81097174033458, 21.174846729973918 ], [ -89.811482468302358, 21.176023921104814 ], [ -89.811247526600837, 21.176111785785181 ] ] ] } },
{ "type": "Feature", "properties": { "id": "MER_CAS_0008", "titulo": "Titulo de como describiria la casa o lote a vender", "precio": 9999999, "folder": "MER_CAS_0008", "preview": "preview.jpg", "status": "venta", "moneda": "MXN", "recamaras": 0, "banos": 0, "superficie_m2": 0, "tipo": "lote", "lat": "21.172901893768454", "lng": "-89.80826368493646", "slug": "lote-ciudad-maderas", "destacado": "si", "fecha": "2026-05-25", "descripcion": "Lote sobre desarrollo Ciudad Maderas, con amenidades premium", "fotos": "foto1.JPG,foto2.JPG,foto3.JPG,foto4.JPG,foto5.JPG", "estacionamiento": 0, "niveles": 0, "amueblado": "no", "antiguedad": 0, "frente_m": 0, "fondo_m": 0, "uso_suelo": "Habitacional", "coordenadas": "21.172901893768454,-89.80826368493646", "orientacion": null, "elevacion_msnm": 6, "ciudad": "Ciudad Maderas", "estado": "Yucatán", "transaccion": "venta", "desarrollo": "CIUDAD MADERAS", "vendido": "no", "inmobiliaria": null, "noLote": 4, "nombrecomplejo": "CONDOMINIO LIRIO" }, "geometry": { "type": "Polygon", "coordinates": [ [ [ -89.808276710035258, 21.173230269787577 ], [ -89.808121371652831, 21.173293594776794 ], [ -89.808080734557834, 21.173073949990616 ], [ -89.808080712120642, 21.172952025657175 ], [ -89.80811694206237, 21.172696879047745 ], [ -89.808145778861842, 21.172516193405123 ], [ -89.808317093576164, 21.172576207103347 ], [ -89.808334757524491, 21.172605859969618 ], [ -89.808303428497652, 21.172758251720097 ], [ -89.808298830912634, 21.172877044272102 ], [ -89.808312310154719, 21.172986980291967 ], [ -89.808363437680896, 21.173158322487822 ], [ -89.808369743104862, 21.173190303139656 ], [ -89.808360866262589, 21.173203284842494 ], [ -89.808298836021464, 21.173221249944469 ], [ -89.808274678087542, 21.173228246520626 ], [ -89.808276710035258, 21.173230269787577 ] ] ] } },
{ "type": "Feature", "properties": { "id": "MER_CAS_0008", "titulo": "Titulo de como describiria la casa o lote a vender", "precio": 9999999, "folder": "MER_CAS_0008", "preview": "preview.jpg", "status": "venta", "moneda": "MXN", "recamaras": 0, "banos": 0, "superficie_m2": 0, "tipo": "lote", "lat": "21.17283218303138", "lng": "-89.80876997317803", "slug": "lote-ciudad-maderas", "destacado": "si", "fecha": "2026-05-25", "descripcion": "Lote sobre desarrollo Ciudad Maderas, con amenidades premium", "fotos": "foto1.JPG,foto2.JPG,foto3.JPG,foto4.JPG,foto5.JPG", "estacionamiento": 0, "niveles": 0, "amueblado": "no", "antiguedad": 0, "frente_m": 0, "fondo_m": 0, "uso_suelo": "Habitacional", "coordenadas": "21.17283218303138,-89.80876997317803", "orientacion": null, "elevacion_msnm": 6, "ciudad": "Ciudad Maderas", "estado": "Yucatán", "transaccion": "venta", "desarrollo": "CIUDAD MADERAS", "vendido": "no", "inmobiliaria": null, "noLote": 5, "nombrecomplejo": "CONDOMINIO LIRIO" }, "geometry": { "type": "Polygon", "coordinates": [ [ [ -89.80908869112956, 21.172919530818756 ], [ -89.808920501247144, 21.172986510465304 ], [ -89.808916416406603, 21.172974800708307 ], [ -89.808878355322619, 21.172951904049231 ], [ -89.808836098262304, 21.172948328385388 ], [ -89.808788606310358, 21.17296943855596 ], [ -89.808769793625402, 21.172999697656664 ], [ -89.808769401126739, 21.173039276216972 ], [ -89.808467249453585, 21.173160875252698 ], [ -89.808433041057768, 21.173100481445509 ], [ -89.808405146959288, 21.173012175305914 ], [ -89.808386877022684, 21.172950447082105 ], [ -89.808395598650065, 21.172748163844638 ], [ -89.808405352802239, 21.17272126387013 ], [ -89.808435806878904, 21.172703645511753 ], [ -89.808492821944526, 21.17270376746772 ], [ -89.808550673933411, 21.172687832774585 ], [ -89.808584507277487, 21.172668019199001 ], [ -89.808624594233962, 21.172617085755888 ], [ -89.808652647274613, 21.1725930901809 ], [ -89.808701602218392, 21.172589067974833 ], [ -89.808777158562364, 21.17260492438518 ], [ -89.808929633391486, 21.172648379116499 ], [ -89.808992893331123, 21.172677273989937 ], [ -89.809037894742488, 21.172705402832577 ], [ -89.809050020972691, 21.172743703775737 ], [ -89.809043626027801, 21.172767339393818 ], [ -89.809093207268447, 21.172796461601987 ], [ -89.809169470834789, 21.17284973906429 ], [ -89.80919629457135, 21.172881378578595 ], [ -89.80908869112956, 21.172919530818756 ] ] ] } },
{ "type": "Feature", "properties": { "id": "MER_CAS_0007", "titulo": "Titulo de como describiria la casa o lote a vender", "precio": 9999999, "folder": "MER_CAS_0007", "preview": "preview.jpg", "status": "venta", "moneda": "MXN", "recamaras": 0, "banos": 0, "superficie_m2": 0, "tipo": "lote", "lat": "21.178132258167338", "lng": "-89.81037388969189", "slug": "lote-ciudad-maderas", "destacado": "si", "fecha": "2026-05-25", "descripcion": "Lote sobre desarrollo Ciudad Maderas, con amenidades premium", "fotos": "foto1.JPG,foto2.JPG,foto3.JPG,foto4.JPG,foto5.JPG", "estacionamiento": 0, "niveles": 0, "amueblado": "no", "antiguedad": 0, "frente_m": 0, "fondo_m": 0, "uso_suelo": "Habitacional", "coordenadas": "21.178132258167338,-89.81037388969189", "orientacion": null, "elevacion_msnm": 6, "ciudad": "Ciudad Maderas", "estado": "Yucatán", "transaccion": "venta", "desarrollo": "CIUDAD MADERAS", "vendido": "no", "inmobiliaria": null, "noLote": 3, "nombrecomplejo": "CONDOMINIO MALVA" }, "geometry": { "type": "Polygon", "coordinates": [ [ [ -89.810442743646902, 21.178137634889122 ], [ -89.810265553089266, 21.178234801124106 ], [ -89.810212051735817, 21.178149723495714 ], [ -89.81033231127104, 21.178079675383021 ], [ -89.810331221304722, 21.178077915371979 ], [ -89.810350941380179, 21.17808498043291 ], [ -89.810431424336741, 21.17812000509424 ], [ -89.810442743646902, 21.178137634889122 ] ] ] } },
{ "type": "Feature", "properties": { "id": "MER_CAS_0007", "titulo": "Titulo de como describiria la casa o lote a vender", "precio": 9999999, "folder": "MER_CAS_0007", "preview": "preview.jpg", "status": "venta", "moneda": "MXN", "recamaras": 0, "banos": 0, "superficie_m2": 0, "tipo": "lote", "lat": "21.17819659857421", "lng": "-89.81042542665006", "slug": "lote-ciudad-maderas", "destacado": "si", "fecha": "2026-05-25", "descripcion": "Lote sobre desarrollo Ciudad Maderas, con amenidades premium", "fotos": "foto1.JPG,foto2.JPG,foto3.JPG,foto4.JPG,foto5.JPG", "estacionamiento": 0, "niveles": 0, "amueblado": "no", "antiguedad": 0, "frente_m": 0, "fondo_m": 0, "uso_suelo": "Habitacional", "coordenadas": "21.17819659857421,-89.81042542665006", "orientacion": null, "elevacion_msnm": 6, "ciudad": "Ciudad Maderas", "estado": "Yucatán", "transaccion": "venta", "desarrollo": "CIUDAD MADERAS", "vendido": "no", "inmobiliaria": null, "noLote": 4, "nombrecomplejo": "CONDOMINIO MALVA" }, "geometry": { "type": "Polygon", "coordinates": [ [ [ -89.810477575983256, 21.178191886158519 ], [ -89.810302084315438, 21.178292892927114 ], [ -89.810265553089266, 21.178234801124106 ], [ -89.810442743646902, 21.178137634889122 ], [ -89.810477575983256, 21.178191886158519 ] ] ] } },
{ "type": "Feature", "properties": { "id": "MER_CAS_0007", "titulo": "Titulo de como describiria la casa o lote a vender", "precio": 9999999, "folder": "MER_CAS_0007", "preview": "preview.jpg", "status": "venta", "moneda": "MXN", "recamaras": 0, "banos": 0, "superficie_m2": 0, "tipo": "lote", "lat": "21.17830016788035", "lng": "-89.81049454426352", "slug": "lote-ciudad-maderas", "destacado": "si", "fecha": "2026-05-25", "descripcion": "Lote sobre desarrollo Ciudad Maderas, con amenidades premium", "fotos": "foto1.JPG,foto2.JPG,foto3.JPG,foto4.JPG,foto5.JPG", "estacionamiento": 0, "niveles": 0, "amueblado": "no", "antiguedad": 0, "frente_m": 0, "fondo_m": 0, "uso_suelo": "Habitacional", "coordenadas": "21.17830016788035,-89.81049454426352", "orientacion": null, "elevacion_msnm": 6, "ciudad": "Ciudad Maderas", "estado": "Yucatán", "transaccion": "venta", "desarrollo": "CIUDAD MADERAS", "vendido": "no", "inmobiliaria": null, "noLote": 5, "nombrecomplejo": "CONDOMINIO MALVA" }, "geometry": { "type": "Polygon", "coordinates": [ [ [ -89.810336215786691, 21.178347168649889 ], [ -89.810510056957071, 21.178242475187144 ], [ -89.810542977928876, 21.178293749511443 ], [ -89.810365473564062, 21.178393694245049 ], [ -89.810336215786691, 21.178347168649889 ] ] ] } },
{ "type": "Feature", "properties": { "id": "MER_CAS_0007", "titulo": "Titulo de como describiria la casa o lote a vender", "precio": 9999999, "folder": "MER_CAS_0007", "preview": "preview.jpg", "status": "venta", "moneda": "MXN", "recamaras": 0, "banos": 0, "superficie_m2": 0, "tipo": "lote", "lat": "21.178383594625522", "lng": "-89.8105453986706", "slug": "lote-ciudad-maderas", "destacado": "si", "fecha": "2026-05-25", "descripcion": "Lote sobre desarrollo Ciudad Maderas, con amenidades premium", "fotos": "foto1.JPG,foto2.JPG,foto3.JPG,foto4.JPG,foto5.JPG", "estacionamiento": 0, "niveles": 0, "amueblado": "no", "antiguedad": 0, "frente_m": 0, "fondo_m": 0, "uso_suelo": "Habitacional", "coordenadas": "21.178383594625522,-89.8105453986706", "orientacion": null, "elevacion_msnm": 6, "ciudad": "Ciudad Maderas", "estado": "Yucatán", "transaccion": "venta", "desarrollo": "CIUDAD MADERAS", "vendido": "no", "inmobiliaria": null, "noLote": 6, "nombrecomplejo": "CONDOMINIO MALVA" }, "geometry": { "type": "Polygon", "coordinates": [ [ [ -89.810595168773645, 21.178375036243342 ], [ -89.810421442260761, 21.178478880921965 ], [ -89.810387474157807, 21.178426483177699 ], [ -89.810563153239329, 21.178325172360775 ], [ -89.810595168773645, 21.178375036243342 ] ] ] } },
{ "type": "Feature", "properties": { "id": "MER_CAS_0007", "titulo": "Titulo de como describiria la casa o lote a vender", "precio": 9999999, "folder": "MER_CAS_0007", "preview": "preview.jpg", "status": "venta", "moneda": "MXN", "recamaras": 0, "banos": 0, "superficie_m2": 0, "tipo": "lote", "lat": "21.178435463093145", "lng": "-89.81058001359636", "slug": "lote-ciudad-maderas", "destacado": "si", "fecha": "2026-05-25", "descripcion": "Lote sobre desarrollo Ciudad Maderas, con amenidades premium", "fotos": "foto1.JPG,foto2.JPG,foto3.JPG,foto4.JPG,foto5.JPG", "estacionamiento": 0, "niveles": 0, "amueblado": "no", "antiguedad": 0, "frente_m": 0, "fondo_m": 0, "uso_suelo": "Habitacional", "coordenadas": "21.178435463093145,-89.81058001359636", "orientacion": null, "elevacion_msnm": 6, "ciudad": "Ciudad Maderas", "estado": "Yucatán", "transaccion": "venta", "desarrollo": "CIUDAD MADERAS", "vendido": "no", "inmobiliaria": null, "noLote": 7, "nombrecomplejo": "CONDOMINIO MALVA" }, "geometry": { "type": "Polygon", "coordinates": [ [ [ -89.810629708206704, 21.178428831073585 ], [ -89.810456046937915, 21.178532260618372 ], [ -89.810421442260761, 21.178478880921965 ], [ -89.810595168773645, 21.178375036243342 ], [ -89.810629708206704, 21.178428831073585 ] ] ] } },
{ "type": "Feature", "properties": { "id": "MER_CAS_0007", "titulo": "Titulo de como describiria la casa o lote a vender", "precio": 9999999, "folder": "MER_CAS_0007", "preview": "preview.jpg", "status": "venta", "moneda": "MXN", "recamaras": 0, "banos": 0, "superficie_m2": 0, "tipo": "lote", "lat": "21.178489497246808", "lng": "-89.81061428931956", "slug": "lote-ciudad-maderas", "destacado": "si", "fecha": "2026-05-25", "descripcion": "Lote sobre desarrollo Ciudad Maderas, con amenidades premium", "fotos": "foto1.JPG,foto2.JPG,foto3.JPG,foto4.JPG,foto5.JPG", "estacionamiento": 0, "niveles": 0, "amueblado": "no", "antiguedad": 0, "frente_m": 0, "fondo_m": 0, "uso_suelo": "Habitacional", "coordenadas": "21.178489497246808,-89.81061428931956", "orientacion": null, "elevacion_msnm": 6, "ciudad": "Ciudad Maderas", "estado": "Yucatán", "transaccion": "venta", "desarrollo": "CIUDAD MADERAS", "vendido": "ap", "inmobiliaria": null, "noLote": 8, "nombrecomplejo": "CONDOMINIO MALVA" }, "geometry": { "type": "Polygon", "coordinates": [ [ [ -89.810663990366166, 21.178482225202714 ], [ -89.810491413245273, 21.178586815173006 ], [ -89.810456046937915, 21.178532260618372 ], [ -89.810629708206704, 21.178428831073585 ], [ -89.810663990366166, 21.178482225202714 ] ] ] } },
{ "type": "Feature", "properties": { "id": "MER_CAS_0007", "titulo": "Titulo de como describiria la casa o lote a vender", "precio": 9999999, "folder": "MER_CAS_0007", "preview": "preview.jpg", "status": "venta", "moneda": "MXN", "recamaras": 0, "banos": 0, "superficie_m2": 0, "tipo": "lote", "lat": "21.178541277730954", "lng": "-89.81065026783219", "slug": "lote-ciudad-maderas", "destacado": "si", "fecha": "2026-05-25", "descripcion": "Lote sobre desarrollo Ciudad Maderas, con amenidades premium", "fotos": "foto1.JPG,foto2.JPG,foto3.JPG,foto4.JPG,foto5.JPG", "estacionamiento": 0, "niveles": 0, "amueblado": "no", "antiguedad": 0, "frente_m": 0, "fondo_m": 0, "uso_suelo": "Habitacional", "coordenadas": "21.178541277730954,-89.81065026783219", "orientacion": null, "elevacion_msnm": 6, "ciudad": "Ciudad Maderas", "estado": "Yucatán", "transaccion": "venta", "desarrollo": "CIUDAD MADERAS", "vendido": "ap", "inmobiliaria": null, "noLote": 9, "nombrecomplejo": "CONDOMINIO MALVA" }, "geometry": { "type": "Polygon", "coordinates": [ [ [ -89.810699017968446, 21.178536780351763 ], [ -89.81052318122893, 21.178635819107232 ], [ -89.810491413245273, 21.178586815173006 ], [ -89.810663990366166, 21.178482225202714 ], [ -89.810699017968446, 21.178536780351763 ] ] ] } },
{ "type": "Feature", "properties": { "id": "MER_CAS_0007", "titulo": "Titulo de como describiria la casa o lote a vender", "precio": 9999999, "folder": "MER_CAS_0007", "preview": "preview.jpg", "status": "venta", "moneda": "MXN", "recamaras": 0, "banos": 0, "superficie_m2": 0, "tipo": "lote", "lat": "21.178596084209097", "lng": "-89.8106832039277", "slug": "lote-ciudad-maderas", "destacado": "si", "fecha": "2026-05-25", "descripcion": "Lote sobre desarrollo Ciudad Maderas, con amenidades premium", "fotos": "foto1.JPG,foto2.JPG,foto3.JPG,foto4.JPG,foto5.JPG", "estacionamiento": 0, "niveles": 0, "amueblado": "no", "antiguedad": 0, "frente_m": 0, "fondo_m": 0, "uso_suelo": "Habitacional", "coordenadas": "21.178596084209097,-89.8106832039277", "orientacion": null, "elevacion_msnm": 6, "ciudad": "Ciudad Maderas", "estado": "Yucatán", "transaccion": "venta", "desarrollo": "CIUDAD MADERAS", "vendido": "ap", "inmobiliaria": null, "noLote": 10, "nombrecomplejo": "CONDOMINIO MALVA" }, "geometry": { "type": "Polygon", "coordinates": [ [ [ -89.810734588162319, 21.178592180581923 ], [ -89.810559598223406, 21.178691994406918 ], [ -89.81052318122893, 21.178635819107232 ], [ -89.810699017968446, 21.178536780351763 ], [ -89.810734588162319, 21.178592180581923 ] ] ] } },
{ "type": "Feature", "properties": { "id": "MER_CAS_0007", "titulo": "Titulo de como describiria la casa o lote a vender", "precio": 9999999, "folder": "MER_CAS_0007", "preview": "preview.jpg", "status": "venta", "moneda": "MXN", "recamaras": 0, "banos": 0, "superficie_m2": 0, "tipo": "lote", "lat": "21.17864820152389", "lng": "-89.8107172212073", "slug": "lote-ciudad-maderas", "destacado": "si", "fecha": "2026-05-25", "descripcion": "Lote sobre desarrollo Ciudad Maderas, con amenidades premium", "fotos": "foto1.JPG,foto2.JPG,foto3.JPG,foto4.JPG,foto5.JPG", "estacionamiento": 0, "niveles": 0, "amueblado": "no", "antiguedad": 0, "frente_m": 0, "fondo_m": 0, "uso_suelo": "Habitacional", "coordenadas": "21.17864820152389,-89.8107172212073", "orientacion": null, "elevacion_msnm": 6, "ciudad": "Ciudad Maderas", "estado": "Yucatán", "transaccion": "venta", "desarrollo": "CIUDAD MADERAS", "vendido": "ap", "inmobiliaria": null, "noLote": 11, "nombrecomplejo": "CONDOMINIO MALVA" }, "geometry": { "type": "Polygon", "coordinates": [ [ [ -89.81076569858098, 21.178641326981516 ], [ -89.810591104162768, 21.178740594122818 ], [ -89.810559598223406, 21.178691994406918 ], [ -89.810734588162319, 21.178592180581923 ], [ -89.810756872136238, 21.17862688765404 ], [ -89.81076569858098, 21.178641326981516 ] ] ] } },
{ "type": "Feature", "properties": { "id": "MER_CAS_0007", "titulo": "Titulo de como describiria la casa o lote a vender", "precio": 9999999, "folder": "MER_CAS_0007", "preview": "preview.jpg", "status": "venta", "moneda": "MXN", "recamaras": 0, "banos": 0, "superficie_m2": 0, "tipo": "lote", "lat": "21.178731614428322", "lng": "-89.81075685958882", "slug": "lote-ciudad-maderas", "destacado": "si", "fecha": "2026-05-25", "descripcion": "Lote sobre desarrollo Ciudad Maderas, con amenidades premium", "fotos": "foto1.JPG,foto2.JPG,foto3.JPG,foto4.JPG,foto5.JPG", "estacionamiento": 0, "niveles": 0, "amueblado": "no", "antiguedad": 0, "frente_m": 0, "fondo_m": 0, "uso_suelo": "Habitacional", "coordenadas": "21.178731614428322,-89.81075685958882", "orientacion": null, "elevacion_msnm": 6, "ciudad": "Ciudad Maderas", "estado": "Yucatán", "transaccion": "venta", "desarrollo": "CIUDAD MADERAS", "vendido": "ap", "inmobiliaria": null, "noLote": 12, "nombrecomplejo": "CONDOMINIO MALVA" }, "geometry": { "type": "Polygon", "coordinates": [ [ [ -89.810807875861244, 21.178710325494478 ], [ -89.810679877084013, 21.178877531438125 ], [ -89.810591104162768, 21.178740594122818 ], [ -89.81076569858098, 21.178641326981516 ], [ -89.810807875861244, 21.178710325494478 ] ] ] } },
{ "type": "Feature", "properties": { "id": "MER_CAS_0007", "titulo": "Titulo de como describiria la casa o lote a vender", "precio": 9999999, "folder": "MER_CAS_0007", "preview": "preview.jpg", "status": "venta", "moneda": "MXN", "recamaras": 0, "banos": 0, "superficie_m2": 0, "tipo": "lote", "lat": "21.178823478254518", "lng": "-89.81083578634771", "slug": "lote-ciudad-maderas", "destacado": "si", "fecha": "2026-05-25", "descripcion": "Lote sobre desarrollo Ciudad Maderas, con amenidades premium", "fotos": "foto1.JPG,foto2.JPG,foto3.JPG,foto4.JPG,foto5.JPG", "estacionamiento": 0, "niveles": 0, "amueblado": "no", "antiguedad": 0, "frente_m": 0, "fondo_m": 0, "uso_suelo": "Habitacional", "coordenadas": "21.178823478254518,-89.81083578634771", "orientacion": null, "elevacion_msnm": 6, "ciudad": "Ciudad Maderas", "estado": "Yucatán", "transaccion": "venta", "desarrollo": "CIUDAD MADERAS", "vendido": "no", "inmobiliaria": null, "noLote": 13, "nombrecomplejo": "CONDOMINIO MALVA" }, "geometry": { "type": "Polygon", "coordinates": [ [ [ -89.810879239792641, 21.178741270208764 ], [ -89.810802266664624, 21.178949716285299 ], [ -89.810732501953368, 21.178958708313075 ], [ -89.810679877084013, 21.178877531438125 ], [ -89.810807875861244, 21.178710325494478 ], [ -89.810808647163554, 21.178711587280723 ], [ -89.810855890272066, 21.178737539096204 ], [ -89.810879239792641, 21.178741270208764 ] ] ] } },
{ "type": "Feature", "properties": { "id": "MER_CAS_0007", "titulo": "Titulo de como describiria la casa o lote a vender", "precio": 9999999, "folder": "MER_CAS_0007", "preview": "preview.jpg", "status": "venta", "moneda": "MXN", "recamaras": 0, "banos": 0, "superficie_m2": 0, "tipo": "lote", "lat": "21.17883589881405", "lng": "-89.81095486374507", "slug": "lote-ciudad-maderas", "destacado": "si", "fecha": "2026-05-25", "descripcion": "Lote sobre desarrollo Ciudad Maderas, con amenidades premium", "fotos": "foto1.JPG,foto2.JPG,foto3.JPG,foto4.JPG,foto5.JPG", "estacionamiento": 0, "niveles": 0, "amueblado": "no", "antiguedad": 0, "frente_m": 0, "fondo_m": 0, "uso_suelo": "Habitacional", "coordenadas": "21.17883589881405,-89.81095486374507", "orientacion": null, "elevacion_msnm": 6, "ciudad": "Ciudad Maderas", "estado": "Yucatán", "transaccion": "venta", "desarrollo": "CIUDAD MADERAS", "vendido": "no", "inmobiliaria": null, "noLote": 14, "nombrecomplejo": "CONDOMINIO MALVA" }, "geometry": { "type": "Polygon", "coordinates": [ [ [ -89.810953315493876, 21.178742270143726 ], [ -89.81097789000988, 21.178927080056027 ], [ -89.810802266664624, 21.178949716285299 ], [ -89.810879239792641, 21.178741270208764 ], [ -89.810916509370912, 21.17874722566259 ], [ -89.810953315493876, 21.178742270143726 ] ] ] } },
{ "type": "Feature", "properties": { "id": "MER_CAS_0007", "titulo": "Titulo de como describiria la casa o lote a vender", "precio": 9999999, "folder": "MER_CAS_0007", "preview": "preview.jpg", "status": "venta", "moneda": "MXN", "recamaras": 0, "banos": 0, "superficie_m2": 0, "tipo": "lote", "lat": "21.178811723582832", "lng": "-89.81105000943079", "slug": "lote-ciudad-maderas", "destacado": "si", "fecha": "2026-05-25", "descripcion": "Lote sobre desarrollo Ciudad Maderas, con amenidades premium", "fotos": "foto1.JPG,foto2.JPG,foto3.JPG,foto4.JPG,foto5.JPG", "estacionamiento": 0, "niveles": 0, "amueblado": "no", "antiguedad": 0, "frente_m": 0, "fondo_m": 0, "uso_suelo": "Habitacional", "coordenadas": "21.178811723582832,-89.81105000943079", "orientacion": null, "elevacion_msnm": 6, "ciudad": "Ciudad Maderas", "estado": "Yucatán", "transaccion": "venta", "desarrollo": "CIUDAD MADERAS", "vendido": "no", "inmobiliaria": null, "noLote": 15, "nombrecomplejo": "CONDOMINIO MALVA" }, "geometry": { "type": "Polygon", "coordinates": [ [ [ -89.81101500986783, 21.178733963709654 ], [ -89.811036743899052, 21.178919494332575 ], [ -89.81097789000988, 21.178927080056027 ], [ -89.810953315493876, 21.178742270143726 ], [ -89.81101500986783, 21.178733963709654 ] ] ] } },
{ "type": "Feature", "properties": { "id": "MER_CAS_0007", "titulo": "Titulo de como describiria la casa o lote a vender", "precio": 9999999, "folder": "MER_CAS_0007", "preview": "preview.jpg", "status": "venta", "moneda": "MXN", "recamaras": 0, "banos": 0, "superficie_m2": 0, "tipo": "lote", "lat": "21.17880511554935", "lng": "-89.81111315425265", "slug": "lote-ciudad-maderas", "destacado": "si", "fecha": "2026-05-25", "descripcion": "Lote sobre desarrollo Ciudad Maderas, con amenidades premium", "fotos": "foto1.JPG,foto2.JPG,foto3.JPG,foto4.JPG,foto5.JPG", "estacionamiento": 0, "niveles": 0, "amueblado": "no", "antiguedad": 0, "frente_m": 0, "fondo_m": 0, "uso_suelo": "Habitacional", "coordenadas": "21.17880511554935,-89.81111315425265", "orientacion": null, "elevacion_msnm": 6, "ciudad": "Ciudad Maderas", "estado": "Yucatán", "transaccion": "venta", "desarrollo": "CIUDAD MADERAS", "vendido": "no", "inmobiliaria": null, "noLote": 16, "nombrecomplejo": "CONDOMINIO MALVA" }, "geometry": { "type": "Polygon", "coordinates": [ [ [ -89.811078566033984, 21.178725406606787 ], [ -89.811104358458593, 21.178910779439519 ], [ -89.811036743899052, 21.178919494332575 ], [ -89.81101500986783, 21.178733963709654 ], [ -89.811078566033984, 21.178725406606787 ] ] ] } },
{ "type": "Feature", "properties": { "id": "MER_CAS_0007", "titulo": "Titulo de como describiria la casa o lote a vender", "precio": 9999999, "folder": "MER_CAS_0007", "preview": "preview.jpg", "status": "venta", "moneda": "MXN", "recamaras": 0, "banos": 0, "superficie_m2": 0, "tipo": "lote", "lat": "21.178794369541666", "lng": "-89.81117955506642", "slug": "lote-ciudad-maderas", "destacado": "si", "fecha": "2026-05-25", "descripcion": "Lote sobre desarrollo Ciudad Maderas, con amenidades premium", "fotos": "foto1.JPG,foto2.JPG,foto3.JPG,foto4.JPG,foto5.JPG", "estacionamiento": 0, "niveles": 0, "amueblado": "no", "antiguedad": 0, "frente_m": 0, "fondo_m": 0, "uso_suelo": "Habitacional", "coordenadas": "21.178794369541666,-89.81117955506642", "orientacion": null, "elevacion_msnm": 6, "ciudad": "Ciudad Maderas", "estado": "Yucatán", "transaccion": "venta", "desarrollo": "CIUDAD MADERAS", "vendido": "no", "inmobiliaria": null, "noLote": 17, "nombrecomplejo": "CONDOMINIO MALVA" }, "geometry": { "type": "Polygon", "coordinates": [ [ [ -89.811148483568758, 21.178715993019193 ], [ -89.811169872128758, 21.178902335331728 ], [ -89.811104358458593, 21.178910779439519 ], [ -89.811078566033984, 21.178725406606787 ], [ -89.811148483568758, 21.178715993019193 ] ] ] } },
{ "type": "Feature", "properties": { "id": "MER_CAS_0007", "titulo": "Titulo de como describiria la casa o lote a vender", "precio": 9999999, "folder": "MER_CAS_0007", "preview": "preview.jpg", "status": "venta", "moneda": "MXN", "recamaras": 0, "banos": 0, "superficie_m2": 0, "tipo": "lote", "lat": "21.178786903194855", "lng": "-89.81124765004886", "slug": "lote-ciudad-maderas", "destacado": "si", "fecha": "2026-05-25", "descripcion": "Lote sobre desarrollo Ciudad Maderas, con amenidades premium", "fotos": "foto1.JPG,foto2.JPG,foto3.JPG,foto4.JPG,foto5.JPG", "estacionamiento": 0, "niveles": 0, "amueblado": "no", "antiguedad": 0, "frente_m": 0, "fondo_m": 0, "uso_suelo": "Habitacional", "coordenadas": "21.178786903194855,-89.81124765004886", "orientacion": null, "elevacion_msnm": 6, "ciudad": "Ciudad Maderas", "estado": "Yucatán", "transaccion": "venta", "desarrollo": "CIUDAD MADERAS", "vendido": "no", "inmobiliaria": null, "noLote": 18, "nombrecomplejo": "CONDOMINIO MALVA" }, "geometry": { "type": "Polygon", "coordinates": [ [ [ -89.81121606325388, 21.178709289301999 ], [ -89.811238898212579, 21.178893438506215 ], [ -89.811169872128758, 21.178902335331728 ], [ -89.811148483568758, 21.178715993019193 ], [ -89.811206547199873, 21.17870817542266 ], [ -89.81121606325388, 21.178709289301999 ] ] ] } },
{ "type": "Feature", "properties": { "id": "MER_CAS_0007", "titulo": "Titulo de como describiria la casa o lote a vender", "precio": 9999999, "folder": "MER_CAS_0007", "preview": "preview.jpg", "status": "venta", "moneda": "MXN", "recamaras": 0, "banos": 0, "superficie_m2": 0, "tipo": "lote", "lat": "21.178797755506295", "lng": "-89.81137051914016", "slug": "lote-ciudad-maderas", "destacado": "si", "fecha": "2026-05-25", "descripcion": "Lote sobre desarrollo Ciudad Maderas, con amenidades premium", "fotos": "foto1.JPG,foto2.JPG,foto3.JPG,foto4.JPG,foto5.JPG", "estacionamiento": 0, "niveles": 0, "amueblado": "no", "antiguedad": 0, "frente_m": 0, "fondo_m": 0, "uso_suelo": "Habitacional", "coordenadas": "21.178797755506295,-89.81137051914016", "orientacion": null, "elevacion_msnm": 6, "ciudad": "Ciudad Maderas", "estado": "Yucatán", "transaccion": "venta", "desarrollo": "CIUDAD MADERAS", "vendido": "no", "inmobiliaria": null, "noLote": 19, "nombrecomplejo": "CONDOMINIO MALVA" }, "geometry": { "type": "Polygon", "coordinates": [ [ [ -89.811391307531679, 21.17873338500933 ], [ -89.811432589105195, 21.178868473536745 ], [ -89.811238898212579, 21.178893438506215 ], [ -89.81121606325388, 21.178709289301999 ], [ -89.81123054662487, 21.178710984618956 ], [ -89.811258451245493, 21.178739397124115 ], [ -89.811294416361022, 21.178771953545414 ], [ -89.81132977475842, 21.178772434687431 ], [ -89.81136594950101, 21.178755790042754 ], [ -89.811391307531679, 21.17873338500933 ] ] ] } },
{ "type": "Feature", "properties": { "id": "MER_CAS_0009", "titulo": "Titulo de como describiria la casa o lote a vender", "precio": 9999999, "folder": "MER_CAS_0009", "preview": "preview.jpg", "status": "venta", "moneda": "MXN", "recamaras": 0, "banos": 0, "superficie_m2": 0, "tipo": "lote", "lat": "21.177887248783023", "lng": "-89.81119643413676", "slug": "lote-ciudad-maderas", "destacado": "si", "fecha": "2026-05-25", "descripcion": "Lote sobre desarrollo Ciudad Maderas, con amenidades premium", "fotos": "foto1.JPG,foto2.JPG,foto3.JPG,foto4.JPG,foto5.JPG", "estacionamiento": 0, "niveles": 0, "amueblado": "no", "antiguedad": 0, "frente_m": 0, "fondo_m": 0, "uso_suelo": "Habitacional", "coordenadas": "21.177887248783023,-89.81119643413676", "orientacion": null, "elevacion_msnm": 6, "ciudad": "Ciudad Maderas", "estado": "Yucatán", "transaccion": "venta", "desarrollo": "CIUDAD MADERAS", "vendido": "ap", "inmobiliaria": null, "noLote": 20, "nombrecomplejo": "CONDOMINIO MALVA" }, "geometry": { "type": "Polygon", "coordinates": [ [ [ -89.811119461613714, 21.177996958150423 ], [ -89.811096665099669, 21.17781939716852 ], [ -89.811117885635483, 21.177818746860119 ], [ -89.811160487905696, 21.177808864719175 ], [ -89.811190011293647, 21.177988544381222 ], [ -89.811119461613714, 21.177996958150423 ] ] ] } },
{ "type": "Feature", "properties": { "id": "MER_CAS_0009", "titulo": "Titulo de como describiria la casa o lote a vender", "precio": 9999999, "folder": "MER_CAS_0009", "preview": "preview.jpg", "status": "venta", "moneda": "MXN", "recamaras": 0, "banos": 0, "superficie_m2": 0, "tipo": "lote", "lat": "21.177979468189946", "lng": "-89.8114843970432", "slug": "lote-ciudad-maderas", "destacado": "si", "fecha": "2026-05-25", "descripcion": "Lote sobre desarrollo Ciudad Maderas, con amenidades premium", "fotos": "foto1.JPG,foto2.JPG,foto3.JPG,foto4.JPG,foto5.JPG", "estacionamiento": 0, "niveles": 0, "amueblado": "no", "antiguedad": 0, "frente_m": 0, "fondo_m": 0, "uso_suelo": "Habitacional", "coordenadas": "21.177979468189946,-89.8114843970432", "orientacion": null, "elevacion_msnm": 6, "ciudad": "Ciudad Maderas", "estado": "Yucatán", "transaccion": "venta", "desarrollo": "CIUDAD MADERAS", "vendido": "no", "inmobiliaria": null, "noLote": 21, "nombrecomplejo": "CONDOMINIO MALVA" }, "geometry": { "type": "Polygon", "coordinates": [ [ [ -89.811541533068151, 21.178023292427788 ], [ -89.811340869919562, 21.178041785351883 ], [ -89.811325381879115, 21.177974159231553 ], [ -89.811325104519142, 21.177972433135633 ], [ -89.811503861046575, 21.17795155748486 ], [ -89.811530580311171, 21.177994766343904 ], [ -89.811541533068151, 21.178023292427788 ] ] ] } },
{ "type": "Feature", "properties": { "id": "MER_CAS_0009", "titulo": "Titulo de como describiria la casa o lote a vender", "precio": 9999999, "folder": "MER_CAS_0009", "preview": "preview.jpg", "status": "venta", "moneda": "MXN", "recamaras": 0, "banos": 0, "superficie_m2": 0, "tipo": "lote", "lat": "21.178508007065606", "lng": "-89.81134938800344", "slug": "lote-ciudad-maderas", "destacado": "si", "fecha": "2026-05-25", "descripcion": "Lote sobre desarrollo Ciudad Maderas, con amenidades premium", "fotos": "foto1.JPG,foto2.JPG,foto3.JPG,foto4.JPG,foto5.JPG", "estacionamiento": 0, "niveles": 0, "amueblado": "no", "antiguedad": 0, "frente_m": 0, "fondo_m": 0, "uso_suelo": "Habitacional", "coordenadas": "21.178508007065606,-89.81134938800344", "orientacion": null, "elevacion_msnm": 6, "ciudad": "Ciudad Maderas", "estado": "Yucatán", "transaccion": "venta", "desarrollo": "CIUDAD MADERAS", "vendido": "no", "inmobiliaria": null, "noLote": 22, "nombrecomplejo": "CONDOMINIO MALVA" }, "geometry": { "type": "Polygon", "coordinates": [ [ [ -89.811270222852855, 21.178624165260395 ], [ -89.8112460073867, 21.178436533787792 ], [ -89.811318529334912, 21.178427162886628 ], [ -89.811328649632969, 21.178493549133474 ], [ -89.811343385594, 21.178626170764115 ], [ -89.811314302888945, 21.178617612871253 ], [ -89.811270222852855, 21.178624165260395 ] ] ] } },
{ "type": "Feature", "properties": { "id": "MER_CAS_0009", "titulo": "Titulo de como describiria la casa o lote a vender", "precio": 9999999, "folder": "MER_CAS_0009", "preview": "preview.jpg", "status": "venta", "moneda": "MXN", "recamaras": 0, "banos": 0, "superficie_m2": 0, "tipo": "lote", "lat": "21.17842891510494", "lng": "-89.8115579251148", "slug": "lote-ciudad-maderas", "destacado": "si", "fecha": "2026-05-25", "descripcion": "Lote sobre desarrollo Ciudad Maderas, con amenidades premium", "fotos": "foto1.JPG,foto2.JPG,foto3.JPG,foto4.JPG,foto5.JPG", "estacionamiento": 0, "niveles": 0, "amueblado": "no", "antiguedad": 0, "frente_m": 0, "fondo_m": 0, "uso_suelo": "Habitacional", "coordenadas": "21.17842891510494,-89.8115579251148", "orientacion": null, "elevacion_msnm": 6, "ciudad": "Ciudad Maderas", "estado": "Yucatán", "transaccion": "venta", "desarrollo": "CIUDAD MADERAS", "vendido": "si", "inmobiliaria": null, "noLote": 23, "nombrecomplejo": "CONDOMINIO MALVA" }, "geometry": { "type": "Polygon", "coordinates": [ [ [ -89.811620342737413, 21.178451261039047 ], [ -89.811430486034567, 21.178521661208151 ], [ -89.811396741163051, 21.178419029708429 ], [ -89.811396658724661, 21.178417067338366 ], [ -89.81160486443963, 21.178390164194461 ], [ -89.811609225248304, 21.178414845350307 ], [ -89.811620342737413, 21.178451261039047 ] ] ] } },
{ "type": "Feature", "properties": { "id": "MER_CAS_0009", "titulo": "Titulo de como describiria la casa o lote a vender", "precio": 9999999, "folder": "MER_CAS_0009", "preview": "preview.jpg", "status": "venta", "moneda": "MXN", "recamaras": 0, "banos": 0, "superficie_m2": 0, "tipo": "lote", "lat": "21.17874493495863", "lng": "-89.81151959426109", "slug": "lote-ciudad-maderas", "destacado": "si", "fecha": "2026-05-25", "descripcion": "Lote sobre desarrollo Ciudad Maderas, con amenidades premium", "fotos": "foto1.JPG,foto2.JPG,foto3.JPG,foto4.JPG,foto5.JPG", "estacionamiento": 0, "niveles": 0, "amueblado": "no", "antiguedad": 0, "frente_m": 0, "fondo_m": 0, "uso_suelo": "Habitacional", "coordenadas": "21.17874493495863,-89.81151959426109", "orientacion": null, "elevacion_msnm": 6, "ciudad": "Ciudad Maderas", "estado": "Yucatán", "transaccion": "venta", "desarrollo": "CIUDAD MADERAS", "vendido": "no", "inmobiliaria": null, "noLote": 24, "nombrecomplejo": "CONDOMINIO MALVA" }, "geometry": { "type": "Polygon", "coordinates": [ [ [ -89.811380494700373, 21.178663070136071 ], [ -89.811472160730176, 21.178641734132341 ], [ -89.811565598864334, 21.17885132980566 ], [ -89.811432589105195, 21.178868473536745 ], [ -89.811391307531679, 21.17873338500933 ], [ -89.811402960801558, 21.178723088787809 ], [ -89.811396654352819, 21.178691108366493 ], [ -89.811380494700373, 21.178663070136071 ] ] ] } },
{ "type": "Feature", "properties": { "id": "MER_CAS_0009", "titulo": "Titulo de como describiria la casa o lote a vender", "precio": 9999999, "folder": "MER_CAS_0009", "preview": "preview.jpg", "status": "venta", "moneda": "MXN", "recamaras": 0, "banos": 0, "superficie_m2": 0, "tipo": "lote", "lat": "21.178362582876755", "lng": "-89.81086975517599", "slug": "lote-ciudad-maderas", "destacado": "si", "fecha": "2026-05-25", "descripcion": "Lote sobre desarrollo Ciudad Maderas, con amenidades premium", "fotos": "foto1.JPG,foto2.JPG,foto3.JPG,foto4.JPG,foto5.JPG", "estacionamiento": 0, "niveles": 0, "amueblado": "no", "antiguedad": 0, "frente_m": 0, "fondo_m": 0, "uso_suelo": "Habitacional", "coordenadas": "21.178362582876755,-89.81086975517599", "orientacion": null, "elevacion_msnm": 6, "ciudad": "Ciudad Maderas", "estado": "Yucatán", "transaccion": "venta", "desarrollo": "CIUDAD MADERAS", "vendido": "no", "inmobiliaria": null, "noLote": 25, "nombrecomplejo": "CONDOMINIO MALVA" }, "geometry": { "type": "Polygon", "coordinates": [ [ [ -89.810889861741771, 21.178294773923717 ], [ -89.810910355469915, 21.178479904780797 ], [ -89.810818405057304, 21.178491785948413 ], [ -89.81081671776667, 21.178475090730988 ], [ -89.810741679005289, 21.178366179336994 ], [ -89.810711325276145, 21.178389144081269 ], [ -89.810692964939676, 21.178383032453727 ], [ -89.810674220437647, 21.178356606474019 ], [ -89.810678214050981, 21.178326593680438 ], [ -89.81070309049808, 21.178315484703788 ], [ -89.810889861741771, 21.178294773923717 ] ] ] } },
{ "type": "Feature", "properties": { "id": "MER_CAS_0009", "titulo": "Titulo de como describiria la casa o lote a vender", "precio": 9999999, "folder": "MER_CAS_0009", "preview": "preview.jpg", "status": "venta", "moneda": "MXN", "recamaras": 0, "banos": 0, "superficie_m2": 0, "tipo": "lote", "lat": "21.17833457235691", "lng": "-89.81128139717497", "slug": "lote-ciudad-maderas", "destacado": "si", "fecha": "2026-05-25", "descripcion": "Lote sobre desarrollo Ciudad Maderas, con amenidades premium", "fotos": "foto1.JPG,foto2.JPG,foto3.JPG,foto4.JPG,foto5.JPG", "estacionamiento": 0, "niveles": 0, "amueblado": "no", "antiguedad": 0, "frente_m": 0, "fondo_m": 0, "uso_suelo": "Habitacional", "coordenadas": "21.17833457235691,-89.81128139717497", "orientacion": null, "elevacion_msnm": 6, "ciudad": "Ciudad Maderas", "estado": "Yucatán", "transaccion": "venta", "desarrollo": "CIUDAD MADERAS", "vendido": "no", "inmobiliaria": null, "noLote": 26, "nombrecomplejo": "CONDOMINIO MALVA" }, "geometry": { "type": "Polygon", "coordinates": [ [ [ -89.811176817259707, 21.178445474139021 ], [ -89.811155870719148, 21.178264434071352 ], [ -89.811206012783501, 21.178257919631026 ], [ -89.81124998710564, 21.178249302688972 ], [ -89.811318529334912, 21.178427162886628 ], [ -89.811176817259707, 21.178445474139021 ] ] ] } },
{ "type": "Feature", "properties": { "id": "MER_CAS_0009", "titulo": "Titulo de como describiria la casa o lote a vender", "precio": 9999999, "folder": "MER_CAS_0009", "preview": "preview.jpg", "status": "venta", "moneda": "MXN", "recamaras": 0, "banos": 0, "superficie_m2": 0, "tipo": "lote", "lat": "21.17852634821192", "lng": "-89.81144135695007", "slug": "lote-ciudad-maderas", "destacado": "si", "fecha": "2026-05-25", "descripcion": "Lote sobre desarrollo Ciudad Maderas, con amenidades premium", "fotos": "foto1.JPG,foto2.JPG,foto3.JPG,foto4.JPG,foto5.JPG", "estacionamiento": 0, "niveles": 0, "amueblado": "no", "antiguedad": 0, "frente_m": 0, "fondo_m": 0, "uso_suelo": "Habitacional", "coordenadas": "21.17852634821192,-89.81144135695007", "orientacion": null, "elevacion_msnm": 6, "ciudad": "Ciudad Maderas", "estado": "Yucatán", "transaccion": "venta", "desarrollo": "CIUDAD MADERAS", "vendido": "no", "inmobiliaria": null, "noLote": 27, "nombrecomplejo": "CONDOMINIO MALVA" }, "geometry": { "type": "Polygon", "coordinates": [ [ [ -89.811343385594, 21.178626170764115 ], [ -89.811328649632969, 21.178493549133474 ], [ -89.811318529334912, 21.178427162886628 ], [ -89.811396658724661, 21.178417067338366 ], [ -89.811396741163051, 21.178419029708429 ], [ -89.811431062143427, 21.178523413381484 ], [ -89.811471748954645, 21.178640810456734 ], [ -89.811472160730176, 21.178641734132341 ], [ -89.811380494700373, 21.178663070136071 ], [ -89.8113624635061, 21.178631784637723 ], [ -89.811343385594, 21.178626170764115 ] ] ] } },
{ "type": "Feature", "properties": { "id": "MER_CAS_0009", "titulo": "Titulo de como describiria la casa o lote a vender", "precio": 9999999, "folder": "MER_CAS_0009", "preview": "preview.jpg", "status": "venta", "moneda": "MXN", "recamaras": 0, "banos": 0, "superficie_m2": 0, "tipo": "lote", "lat": "21.17827567176577", "lng": "-89.81139026288334", "slug": "lote-ciudad-maderas", "destacado": "si", "fecha": "2026-05-25", "descripcion": "Lote sobre desarrollo Ciudad Maderas, con amenidades premium", "fotos": "foto1.JPG,foto2.JPG,foto3.JPG,foto4.JPG,foto5.JPG", "estacionamiento": 0, "niveles": 0, "amueblado": "no", "antiguedad": 0, "frente_m": 0, "fondo_m": 0, "uso_suelo": "Habitacional", "coordenadas": "21.17827567176577,-89.81139026288334", "orientacion": null, "elevacion_msnm": 6, "ciudad": "Ciudad Maderas", "estado": "Yucatán", "transaccion": "venta", "desarrollo": "CIUDAD MADERAS", "vendido": "no", "inmobiliaria": null, "noLote": 28, "nombrecomplejo": "CONDOMINIO MALVA" }, "geometry": { "type": "Polygon", "coordinates": [ [ [ -89.811297934861557, 21.178167869301621 ], [ -89.811369372197305, 21.178160934484403 ], [ -89.811370054706202, 21.178163646458156 ], [ -89.811388789656533, 21.178229751413582 ], [ -89.811396658724661, 21.178417067338366 ], [ -89.811318529334912, 21.178427162886628 ], [ -89.81124998710564, 21.178249302688972 ], [ -89.811253728359233, 21.178248569575558 ], [ -89.811287461329698, 21.178223409489803 ], [ -89.811301774917766, 21.178196433508692 ], [ -89.811297934861557, 21.178167869301621 ] ] ] } },
{ "type": "Feature", "properties": { "id": "MER_CAS_0009", "titulo": "Titulo de como describiria la casa o lote a vender", "precio": 9999999, "folder": "MER_CAS_0009", "preview": "preview.jpg", "status": "venta", "moneda": "MXN", "recamaras": 0, "banos": 0, "superficie_m2": 0, "tipo": "lote", "lat": "21.17816400883848", "lng": "-89.81153481369667", "slug": "lote-ciudad-maderas", "destacado": "si", "fecha": "2026-05-25", "descripcion": "Lote sobre desarrollo Ciudad Maderas, con amenidades premium", "fotos": "foto1.JPG,foto2.JPG,foto3.JPG,foto4.JPG,foto5.JPG", "estacionamiento": 0, "niveles": 0, "amueblado": "no", "antiguedad": 0, "frente_m": 0, "fondo_m": 0, "uso_suelo": "Habitacional", "coordenadas": "21.17816400883848,-89.81153481369667", "orientacion": null, "elevacion_msnm": 6, "ciudad": "Ciudad Maderas", "estado": "Yucatán", "transaccion": "venta", "desarrollo": "CIUDAD MADERAS", "vendido": "no", "inmobiliaria": null, "noLote": 29, "nombrecomplejo": "CONDOMINIO MALVA" }, "geometry": { "type": "Polygon", "coordinates": [ [ [ -89.811588298523276, 21.17820208226626 ], [ -89.811388572324645, 21.178228984573284 ], [ -89.811370054706202, 21.178163646458156 ], [ -89.811369372197305, 21.178160934484403 ], [ -89.811579603284613, 21.178137634137865 ], [ -89.81158255043573, 21.178150050267988 ], [ -89.811588298523276, 21.17820208226626 ] ] ] } },
{ "type": "Feature", "properties": { "id": "MER_CAS_0009", "titulo": "Titulo de como describiria la casa o lote a vender", "precio": 9999999, "folder": "MER_CAS_0009", "preview": "preview.jpg", "status": "venta", "moneda": "MXN", "recamaras": 0, "banos": 0, "superficie_m2": 0, "tipo": "lote", "lat": "21.178546416916568", "lng": "-89.8109665508352", "slug": "lote-ciudad-maderas", "destacado": "si", "fecha": "2026-05-25", "descripcion": "Lote sobre desarrollo Ciudad Maderas, con amenidades premium", "fotos": "foto1.JPG,foto2.JPG,foto3.JPG,foto4.JPG,foto5.JPG", "estacionamiento": 0, "niveles": 0, "amueblado": "no", "antiguedad": 0, "frente_m": 0, "fondo_m": 0, "uso_suelo": "Habitacional", "coordenadas": "21.178546416916568,-89.8109665508352", "orientacion": null, "elevacion_msnm": 6, "ciudad": "Ciudad Maderas", "estado": "Yucatán", "transaccion": "venta", "desarrollo": "CIUDAD MADERAS", "vendido": "no", "inmobiliaria": null, "noLote": 30, "nombrecomplejo": "CONDOMINIO MALVA" }, "geometry": { "type": "Polygon", "coordinates": [ [ [ -89.810978931288219, 21.178471043875959 ], [ -89.810983127200913, 21.178470501707494 ], [ -89.811002758887341, 21.178663923122212 ], [ -89.810990228846279, 21.178665785682053 ], [ -89.810917191761888, 21.178662722822438 ], [ -89.810852526029393, 21.178619948689676 ], [ -89.810789129196408, 21.178523677788203 ], [ -89.810819523377603, 21.178502851380852 ], [ -89.810818405057304, 21.178491785948413 ], [ -89.810978931288219, 21.178471043875959 ] ] ] } },
{ "type": "Feature", "properties": { "id": "MER_CAS_0009", "titulo": "Titulo de como describiria la casa o lote a vender", "precio": 9999999, "folder": "MER_CAS_0009", "preview": "preview.jpg", "status": "venta", "moneda": "MXN", "recamaras": 0, "banos": 0, "superficie_m2": 0, "tipo": "lote", "lat": "21.178364416894436", "lng": "-89.81098765880967", "slug": "lote-ciudad-maderas", "destacado": "si", "fecha": "2026-05-25", "descripcion": "Lote sobre desarrollo Ciudad Maderas, con amenidades premium", "fotos": "foto1.JPG,foto2.JPG,foto3.JPG,foto4.JPG,foto5.JPG", "estacionamiento": 0, "niveles": 0, "amueblado": "no", "antiguedad": 0, "frente_m": 0, "fondo_m": 0, "uso_suelo": "Habitacional", "coordenadas": "21.178364416894436,-89.81098765880967", "orientacion": null, "elevacion_msnm": 6, "ciudad": "Ciudad Maderas", "estado": "Yucatán", "transaccion": "venta", "desarrollo": "CIUDAD MADERAS", "vendido": "no", "inmobiliaria": null, "noLote": 31, "nombrecomplejo": "CONDOMINIO MALVA" }, "geometry": { "type": "Polygon", "coordinates": [ [ [ -89.810958040794176, 21.178287213651956 ], [ -89.810975396884032, 21.178471500568531 ], [ -89.810910355469915, 21.178479904780797 ], [ -89.810889861741771, 21.178294773923717 ], [ -89.810958040794176, 21.178287213651956 ] ] ] } },
{ "type": "Feature", "properties": { "id": "MER_CAS_0009", "titulo": "Titulo de como describiria la casa o lote a vender", "precio": 9999999, "folder": "MER_CAS_0009", "preview": "preview.jpg", "status": "venta", "moneda": "MXN", "recamaras": 0, "banos": 0, "superficie_m2": 0, "tipo": "lote", "lat": "21.17854564215023", "lng": "-89.811080406251", "slug": "lote-ciudad-maderas", "destacado": "si", "fecha": "2026-05-25", "descripcion": "Lote sobre desarrollo Ciudad Maderas, con amenidades premium", "fotos": "foto1.JPG,foto2.JPG,foto3.JPG,foto4.JPG,foto5.JPG", "estacionamiento": 0, "niveles": 0, "amueblado": "no", "antiguedad": 0, "frente_m": 0, "fondo_m": 0, "uso_suelo": "Habitacional", "coordenadas": "21.17854564215023,-89.811080406251", "orientacion": null, "elevacion_msnm": 6, "ciudad": "Ciudad Maderas", "estado": "Yucatán", "transaccion": "venta", "desarrollo": "CIUDAD MADERAS", "vendido": "no", "inmobiliaria": null, "noLote": 32, "nombrecomplejo": "CONDOMINIO MALVA" }, "geometry": { "type": "Polygon", "coordinates": [ [ [ -89.811046607322297, 21.178462299155004 ], [ -89.811071284307786, 21.1786537369867 ], [ -89.811002758887341, 21.178663923122212 ], [ -89.810983127200913, 21.178470501707494 ], [ -89.811046607322297, 21.178462299155004 ] ] ] } },
{ "type": "Feature", "properties": { "id": "MER_CAS_0009", "titulo": "Titulo de como describiria la casa o lote a vender", "precio": 9999999, "folder": "MER_CAS_0009", "preview": "preview.jpg", "status": "venta", "moneda": "MXN", "recamaras": 0, "banos": 0, "superficie_m2": 0, "tipo": "lote", "lat": "21.178358426178352", "lng": "-89.81105525975488", "slug": "lote-ciudad-maderas", "destacado": "si", "fecha": "2026-05-25", "descripcion": "Lote sobre desarrollo Ciudad Maderas, con amenidades premium", "fotos": "foto1.JPG,foto2.JPG,foto3.JPG,foto4.JPG,foto5.JPG", "estacionamiento": 0, "niveles": 0, "amueblado": "no", "antiguedad": 0, "frente_m": 0, "fondo_m": 0, "uso_suelo": "Habitacional", "coordenadas": "21.178358426178352,-89.81105525975488", "orientacion": null, "elevacion_msnm": 6, "ciudad": "Ciudad Maderas", "estado": "Yucatán", "transaccion": "venta", "desarrollo": "CIUDAD MADERAS", "vendido": "no", "inmobiliaria": null, "noLote": 33, "nombrecomplejo": "CONDOMINIO MALVA" }, "geometry": { "type": "Polygon", "coordinates": [ [ [ -89.811023108141157, 21.17827999843249 ], [ -89.811046607321501, 21.178462299148741 ], [ -89.810975396884032, 21.178471500568531 ], [ -89.810958040794176, 21.178287213651956 ], [ -89.811023108141157, 21.17827999843249 ] ] ] } },
{ "type": "Feature", "properties": { "id": "MER_CAS_0009", "titulo": "Titulo de como describiria la casa o lote a vender", "precio": 9999999, "folder": "MER_CAS_0009", "preview": "preview.jpg", "status": "venta", "moneda": "MXN", "recamaras": 0, "banos": 0, "superficie_m2": 0, "tipo": "lote", "lat": "21.178535379397033", "lng": "-89.81114493010594", "slug": "lote-ciudad-maderas", "destacado": "si", "fecha": "2026-05-25", "descripcion": "Lote sobre desarrollo Ciudad Maderas, con amenidades premium", "fotos": "foto1.JPG,foto2.JPG,foto3.JPG,foto4.JPG,foto5.JPG", "estacionamiento": 0, "niveles": 0, "amueblado": "no", "antiguedad": 0, "frente_m": 0, "fondo_m": 0, "uso_suelo": "Habitacional", "coordenadas": "21.178535379397033,-89.81114493010594", "orientacion": null, "elevacion_msnm": 6, "ciudad": "Ciudad Maderas", "estado": "Yucatán", "transaccion": "venta", "desarrollo": "CIUDAD MADERAS", "vendido": "no", "inmobiliaria": null, "noLote": 34, "nombrecomplejo": "CONDOMINIO MALVA" }, "geometry": { "type": "Polygon", "coordinates": [ [ [ -89.811110027111908, 21.178454104398256 ], [ -89.811134527459387, 21.178644336047483 ], [ -89.811071284307786, 21.1786537369867 ], [ -89.811046607322297, 21.178462299155004 ], [ -89.811110027111908, 21.178454104398256 ] ] ] } },
{ "type": "Feature", "properties": { "id": "MER_CAS_0009", "titulo": "Titulo de como describiria la casa o lote a vender", "precio": 9999999, "folder": "MER_CAS_0009", "preview": "preview.jpg", "status": "venta", "moneda": "MXN", "recamaras": 0, "banos": 0, "superficie_m2": 0, "tipo": "lote", "lat": "21.17834909742576", "lng": "-89.81112092820173", "slug": "lote-ciudad-maderas", "destacado": "si", "fecha": "2026-05-25", "descripcion": "Lote sobre desarrollo Ciudad Maderas, con amenidades premium", "fotos": "foto1.JPG,foto2.JPG,foto3.JPG,foto4.JPG,foto5.JPG", "estacionamiento": 0, "niveles": 0, "amueblado": "no", "antiguedad": 0, "frente_m": 0, "fondo_m": 0, "uso_suelo": "Habitacional", "coordenadas": "21.17834909742576,-89.81112092820173", "orientacion": null, "elevacion_msnm": 6, "ciudad": "Ciudad Maderas", "estado": "Yucatán", "transaccion": "venta", "desarrollo": "CIUDAD MADERAS", "vendido": "no", "inmobiliaria": null, "noLote": 35, "nombrecomplejo": "CONDOMINIO MALVA" }, "geometry": { "type": "Polygon", "coordinates": [ [ [ -89.811086695499014, 21.178272947326775 ], [ -89.811110027111283, 21.178454104393452 ], [ -89.811046607321501, 21.178462299148741 ], [ -89.811023108141157, 21.17827999843249 ], [ -89.811086695499014, 21.178272947326775 ] ] ] } },
{ "type": "Feature", "properties": { "id": "MER_CAS_0009", "titulo": "Titulo de como describiria la casa o lote a vender", "precio": 9999999, "folder": "MER_CAS_0009", "preview": "preview.jpg", "status": "venta", "moneda": "MXN", "recamaras": 0, "banos": 0, "superficie_m2": 0, "tipo": "lote", "lat": "21.178525853012534", "lng": "-89.811209267964", "slug": "lote-ciudad-maderas", "destacado": "si", "fecha": "2026-05-25", "descripcion": "Lote sobre desarrollo Ciudad Maderas, con amenidades premium", "fotos": "foto1.JPG,foto2.JPG,foto3.JPG,foto4.JPG,foto5.JPG", "estacionamiento": 0, "niveles": 0, "amueblado": "no", "antiguedad": 0, "frente_m": 0, "fondo_m": 0, "uso_suelo": "Habitacional", "coordenadas": "21.178525853012534,-89.811209267964", "orientacion": null, "elevacion_msnm": 6, "ciudad": "Ciudad Maderas", "estado": "Yucatán", "transaccion": "venta", "desarrollo": "CIUDAD MADERAS", "vendido": "no", "inmobiliaria": null, "noLote": 36, "nombrecomplejo": "CONDOMINIO MALVA" }, "geometry": { "type": "Polygon", "coordinates": [ [ [ -89.81117681726009, 21.17844547414229 ], [ -89.811198721749776, 21.178634793723823 ], [ -89.811134527459387, 21.178644336047483 ], [ -89.811110027111908, 21.178454104398256 ], [ -89.81117681726009, 21.17844547414229 ] ] ] } },
{ "type": "Feature", "properties": { "id": "MER_CAS_0009", "titulo": "Titulo de como describiria la casa o lote a vender", "precio": 9999999, "folder": "MER_CAS_0009", "preview": "preview.jpg", "status": "venta", "moneda": "MXN", "recamaras": 0, "banos": 0, "superficie_m2": 0, "tipo": "lote", "lat": "21.17834055934775", "lng": "-89.81118664102887", "slug": "lote-ciudad-maderas", "destacado": "si", "fecha": "2026-05-25", "descripcion": "Lote sobre desarrollo Ciudad Maderas, con amenidades premium", "fotos": "foto1.JPG,foto2.JPG,foto3.JPG,foto4.JPG,foto5.JPG", "estacionamiento": 0, "niveles": 0, "amueblado": "no", "antiguedad": 0, "frente_m": 0, "fondo_m": 0, "uso_suelo": "Habitacional", "coordenadas": "21.17834055934775,-89.81118664102887", "orientacion": null, "elevacion_msnm": 6, "ciudad": "Ciudad Maderas", "estado": "Yucatán", "transaccion": "venta", "desarrollo": "CIUDAD MADERAS", "vendido": "no", "inmobiliaria": null, "noLote": 37, "nombrecomplejo": "CONDOMINIO MALVA" }, "geometry": { "type": "Polygon", "coordinates": [ [ [ -89.811155870719148, 21.178264434071352 ], [ -89.811176817259707, 21.178445474139021 ], [ -89.811110027111283, 21.178454104393452 ], [ -89.811086695499014, 21.178272947326775 ], [ -89.81111160021247, 21.178270185680855 ], [ -89.811155870719148, 21.178264434071352 ] ] ] } },
{ "type": "Feature", "properties": { "id": "MER_CAS_0009", "titulo": "Titulo de como describiria la casa o lote a vender", "precio": 9999999, "folder": "MER_CAS_0009", "preview": "preview.jpg", "status": "venta", "moneda": "MXN", "recamaras": 0, "banos": 0, "superficie_m2": 0, "tipo": "lote", "lat": "21.17851756107145", "lng": "-89.81127732080539", "slug": "lote-ciudad-maderas", "destacado": "si", "fecha": "2026-05-25", "descripcion": "Lote sobre desarrollo Ciudad Maderas, con amenidades premium", "fotos": "foto1.JPG,foto2.JPG,foto3.JPG,foto4.JPG,foto5.JPG", "estacionamiento": 0, "niveles": 0, "amueblado": "no", "antiguedad": 0, "frente_m": 0, "fondo_m": 0, "uso_suelo": "Habitacional", "coordenadas": "21.17851756107145,-89.81127732080539", "orientacion": null, "elevacion_msnm": 6, "ciudad": "Ciudad Maderas", "estado": "Yucatán", "transaccion": "venta", "desarrollo": "CIUDAD MADERAS", "vendido": "no", "inmobiliaria": null, "noLote": 38, "nombrecomplejo": "CONDOMINIO MALVA" }, "geometry": { "type": "Polygon", "coordinates": [ [ [ -89.8112460073867, 21.178436533787792 ], [ -89.811270222852855, 21.178624165260395 ], [ -89.811198721749776, 21.178634793723823 ], [ -89.81117681726009, 21.17844547414229 ], [ -89.8112460073867, 21.178436533787792 ] ] ] } },
{ "type": "Feature", "properties": { "id": "MER_CAS_0009", "titulo": "Titulo de como describiria la casa o lote a vender", "precio": 9999999, "folder": "MER_CAS_0009", "preview": "preview.jpg", "status": "venta", "moneda": "MXN", "recamaras": 0, "banos": 0, "superficie_m2": 0, "tipo": "lote", "lat": "21.17861747850303", "lng": "-89.81163418132024", "slug": "lote-ciudad-maderas", "destacado": "si", "fecha": "2026-05-25", "descripcion": "Lote sobre desarrollo Ciudad Maderas, con amenidades premium", "fotos": "foto1.JPG,foto2.JPG,foto3.JPG,foto4.JPG,foto5.JPG", "estacionamiento": 0, "niveles": 0, "amueblado": "no", "antiguedad": 0, "frente_m": 0, "fondo_m": 0, "uso_suelo": "Habitacional", "coordenadas": "21.17861747850303,-89.81163418132024", "orientacion": null, "elevacion_msnm": 6, "ciudad": "Ciudad Maderas", "estado": "Yucatán", "transaccion": "venta", "desarrollo": "CIUDAD MADERAS", "vendido": "si", "inmobiliaria": null, "noLote": 39, "nombrecomplejo": "CONDOMINIO MALVA" }, "geometry": { "type": "Polygon", "coordinates": [ [ [ -89.811689929868393, 21.178625954480019 ], [ -89.811499811992391, 21.1787037601161 ], [ -89.811472160730176, 21.178641734132341 ], [ -89.811662106680188, 21.17856928981567 ], [ -89.811684864190553, 21.178615724336534 ], [ -89.811689929868393, 21.178625954480019 ] ] ] } },
{ "type": "Feature", "properties": { "id": "MER_CAS_0009", "titulo": "Titulo de como describiria la casa o lote a vender", "precio": 9999999, "folder": "MER_CAS_0009", "preview": "preview.jpg", "status": "venta", "moneda": "MXN", "recamaras": 0, "banos": 0, "superficie_m2": 0, "tipo": "lote", "lat": "21.17868848620073", "lng": "-89.81166133112798", "slug": "lote-ciudad-maderas", "destacado": "si", "fecha": "2026-05-25", "descripcion": "Lote sobre desarrollo Ciudad Maderas, con amenidades premium", "fotos": "foto1.JPG,foto2.JPG,foto3.JPG,foto4.JPG,foto5.JPG", "estacionamiento": 0, "niveles": 0, "amueblado": "no", "antiguedad": 0, "frente_m": 0, "fondo_m": 0, "uso_suelo": "Habitacional", "coordenadas": "21.17868848620073,-89.81166133112798", "orientacion": null, "elevacion_msnm": 6, "ciudad": "Ciudad Maderas", "estado": "Yucatán", "transaccion": "venta", "desarrollo": "CIUDAD MADERAS", "vendido": "si", "inmobiliaria": null, "noLote": 40, "nombrecomplejo": "CONDOMINIO MALVA" }, "geometry": { "type": "Polygon", "coordinates": [ [ [ -89.811722963752828, 21.178684897717606 ], [ -89.811541644467098, 21.17879759659052 ], [ -89.811499811992391, 21.1787037601161 ], [ -89.811689929868393, 21.178625954480019 ], [ -89.811705612098095, 21.178657624764849 ], [ -89.811722963752828, 21.178684897717606 ] ] ] } },
{ "type": "Feature", "properties": { "id": "MER_CAS_0009", "titulo": "Titulo de como describiria la casa o lote a vender", "precio": 9999999, "folder": "MER_CAS_0009", "preview": "preview.jpg", "status": "venta", "moneda": "MXN", "recamaras": 0, "banos": 0, "superficie_m2": 0, "tipo": "lote", "lat": "21.17876377371734", "lng": "-89.81173429129137", "slug": "lote-ciudad-maderas", "destacado": "si", "fecha": "2026-05-25", "descripcion": "Lote sobre desarrollo Ciudad Maderas, con amenidades premium", "fotos": "foto1.JPG,foto2.JPG,foto3.JPG,foto4.JPG,foto5.JPG", "estacionamiento": 0, "niveles": 0, "amueblado": "no", "antiguedad": 0, "frente_m": 0, "fondo_m": 0, "uso_suelo": "Habitacional", "coordenadas": "21.17876377371734,-89.81173429129137", "orientacion": null, "elevacion_msnm": 6, "ciudad": "Ciudad Maderas", "estado": "Yucatán", "transaccion": "venta", "desarrollo": "CIUDAD MADERAS", "vendido": "si", "inmobiliaria": null, "noLote": 41, "nombrecomplejo": "CONDOMINIO MALVA" }, "geometry": { "type": "Polygon", "coordinates": [ [ [ -89.811788160568867, 21.178739665007864 ], [ -89.811798371416742, 21.178821327750349 ], [ -89.811565598864334, 21.17885132980566 ], [ -89.811541644467098, 21.17879759659052 ], [ -89.811722963752828, 21.178684897717606 ], [ -89.811737931351587, 21.178708423463153 ], [ -89.811763515722447, 21.178734735466822 ], [ -89.811788160568867, 21.178739665007864 ] ] ] } },
{ "type": "Feature", "properties": { "id": "MER_CAS_0009", "titulo": "Titulo de como describiria la casa o lote a vender", "precio": 9999999, "folder": "MER_CAS_0009", "preview": "preview.jpg", "status": "venta", "moneda": "MXN", "recamaras": 0, "banos": 0, "superficie_m2": 0, "tipo": "lote", "lat": "21.178742909889923", "lng": "-89.81197048306501", "slug": "lote-ciudad-maderas", "destacado": "si", "fecha": "2026-05-25", "descripcion": "Lote sobre desarrollo Ciudad Maderas, con amenidades premium", "fotos": "foto1.JPG,foto2.JPG,foto3.JPG,foto4.JPG,foto5.JPG", "estacionamiento": 0, "niveles": 0, "amueblado": "no", "antiguedad": 0, "frente_m": 0, "fondo_m": 0, "uso_suelo": "Habitacional", "coordenadas": "21.178742909889923,-89.81197048306501", "orientacion": null, "elevacion_msnm": 6, "ciudad": "Ciudad Maderas", "estado": "Yucatán", "transaccion": "venta", "desarrollo": "CIUDAD MADERAS", "vendido": "no", "inmobiliaria": null, "noLote": 42, "nombrecomplejo": "CONDOMINIO MALVA" }, "geometry": { "type": "Polygon", "coordinates": [ [ [ -89.811872702366387, 21.178706106354809 ], [ -89.812019760223706, 21.178708872682687 ], [ -89.812053313144148, 21.178788467933622 ], [ -89.811798371416742, 21.178821327750349 ], [ -89.811788160568867, 21.178739665007864 ], [ -89.811803005485771, 21.178742634335645 ], [ -89.811829193771672, 21.178740594212215 ], [ -89.811865796809798, 21.178716455755044 ], [ -89.811872702366387, 21.178706106354809 ] ] ] } },
{ "type": "Feature", "properties": { "id": "MER_CAS_0009", "titulo": "Titulo de como describiria la casa o lote a vender", "precio": 9999999, "folder": "MER_CAS_0009", "preview": "preview.jpg", "status": "venta", "moneda": "MXN", "recamaras": 0, "banos": 0, "superficie_m2": 0, "tipo": "lote", "lat": "21.17855939522493", "lng": "-89.81160945664688", "slug": "lote-ciudad-maderas", "destacado": "si", "fecha": "2026-05-25", "descripcion": "Lote sobre desarrollo Ciudad Maderas, con amenidades premium", "fotos": "foto1.JPG,foto2.JPG,foto3.JPG,foto4.JPG,foto5.JPG", "estacionamiento": 0, "niveles": 0, "amueblado": "no", "antiguedad": 0, "frente_m": 0, "fondo_m": 0, "uso_suelo": "Habitacional", "coordenadas": "21.17855939522493,-89.81160945664688", "orientacion": null, "elevacion_msnm": 6, "ciudad": "Ciudad Maderas", "estado": "Yucatán", "transaccion": "venta", "desarrollo": "CIUDAD MADERAS", "vendido": "si", "inmobiliaria": null, "noLote": 43, "nombrecomplejo": "CONDOMINIO MALVA" }, "geometry": { "type": "Polygon", "coordinates": [ [ [ -89.811451671138116, 21.178582878274913 ], [ -89.811639596111235, 21.178514326076662 ], [ -89.811646909589655, 21.178538281607562 ], [ -89.811662106680188, 21.17856928981567 ], [ -89.811472160730176, 21.178641734132341 ], [ -89.811471748954645, 21.178640810456734 ], [ -89.811451671138116, 21.178582878274913 ] ] ] } },
{ "type": "Feature", "properties": { "id": "MER_CAS_0009", "titulo": "Titulo de como describiria la casa o lote a vender", "precio": 9999999, "folder": "MER_CAS_0009", "preview": "preview.jpg", "status": "venta", "moneda": "MXN", "recamaras": 0, "banos": 0, "superficie_m2": 0, "tipo": "lote", "lat": "21.178499137601925", "lng": "-89.81159010691847", "slug": "lote-ciudad-maderas", "destacado": "si", "fecha": "2026-05-25", "descripcion": "Lote sobre desarrollo Ciudad Maderas, con amenidades premium", "fotos": "foto1.JPG,foto2.JPG,foto3.JPG,foto4.JPG,foto5.JPG", "estacionamiento": 0, "niveles": 0, "amueblado": "no", "antiguedad": 0, "frente_m": 0, "fondo_m": 0, "uso_suelo": "Habitacional", "coordenadas": "21.178499137601925,-89.81159010691847", "orientacion": null, "elevacion_msnm": 6, "ciudad": "Ciudad Maderas", "estado": "Yucatán", "transaccion": "venta", "desarrollo": "CIUDAD MADERAS", "vendido": "si", "inmobiliaria": null, "noLote": 44, "nombrecomplejo": "CONDOMINIO MALVA" }, "geometry": { "type": "Polygon", "coordinates": [ [ [ -89.811430486034567, 21.178521661208151 ], [ -89.811620342737413, 21.178451261039047 ], [ -89.811639596111235, 21.178514326076662 ], [ -89.811451671138116, 21.178582878274913 ], [ -89.811431062143427, 21.178523413381484 ], [ -89.811430486034567, 21.178521661208151 ] ] ] } },
{ "type": "Feature", "properties": { "id": "MER_CAS_0009", "titulo": "Titulo de como describiria la casa o lote a vender", "precio": 9999999, "folder": "MER_CAS_0009", "preview": "preview.jpg", "status": "venta", "moneda": "MXN", "recamaras": 0, "banos": 0, "superficie_m2": 0, "tipo": "lote", "lat": "21.178354800358676", "lng": "-89.81155090715623", "slug": "lote-ciudad-maderas", "destacado": "si", "fecha": "2026-05-25", "descripcion": "Lote sobre desarrollo Ciudad Maderas, con amenidades premium", "fotos": "foto1.JPG,foto2.JPG,foto3.JPG,foto4.JPG,foto5.JPG", "estacionamiento": 0, "niveles": 0, "amueblado": "no", "antiguedad": 0, "frente_m": 0, "fondo_m": 0, "uso_suelo": "Habitacional", "coordenadas": "21.178354800358676,-89.81155090715623", "orientacion": null, "elevacion_msnm": 6, "ciudad": "Ciudad Maderas", "estado": "Yucatán", "transaccion": "venta", "desarrollo": "CIUDAD MADERAS", "vendido": "no", "inmobiliaria": null, "noLote": 45, "nombrecomplejo": "CONDOMINIO MALVA" }, "geometry": { "type": "Polygon", "coordinates": [ [ [ -89.811393961384582, 21.17835285977436 ], [ -89.811596674541761, 21.178330708821768 ], [ -89.811597732022079, 21.178349796381514 ], [ -89.81160486443963, 21.178390164194461 ], [ -89.811396658724661, 21.178417067338366 ], [ -89.811393961384582, 21.17835285977436 ] ] ] } },
{ "type": "Feature", "properties": { "id": "MER_CAS_0009", "titulo": "Titulo de como describiria la casa o lote a vender", "precio": 9999999, "folder": "MER_CAS_0009", "preview": "preview.jpg", "status": "venta", "moneda": "MXN", "recamaras": 0, "banos": 0, "superficie_m2": 0, "tipo": "lote", "lat": "21.178291994920336", "lng": "-89.81154896629329", "slug": "lote-ciudad-maderas", "destacado": "si", "fecha": "2026-05-25", "descripcion": "Lote sobre desarrollo Ciudad Maderas, con amenidades premium", "fotos": "foto1.JPG,foto2.JPG,foto3.JPG,foto4.JPG,foto5.JPG", "estacionamiento": 0, "niveles": 0, "amueblado": "no", "antiguedad": 0, "frente_m": 0, "fondo_m": 0, "uso_suelo": "Habitacional", "coordenadas": "21.178291994920336,-89.81154896629329", "orientacion": null, "elevacion_msnm": 6, "ciudad": "Ciudad Maderas", "estado": "Yucatán", "transaccion": "venta", "desarrollo": "CIUDAD MADERAS", "vendido": "no", "inmobiliaria": null, "noLote": 46, "nombrecomplejo": "CONDOMINIO MALVA" }, "geometry": { "type": "Polygon", "coordinates": [ [ [ -89.811391380190983, 21.178291416833314 ], [ -89.811593103622329, 21.178266253591246 ], [ -89.811596674541761, 21.178330708821768 ], [ -89.811393961384582, 21.17835285977436 ], [ -89.811391380190983, 21.178291416833314 ] ] ] } },
{ "type": "Feature", "properties": { "id": "MER_CAS_0009", "titulo": "Titulo de como describiria la casa o lote a vender", "precio": 9999999, "folder": "MER_CAS_0009", "preview": "preview.jpg", "status": "venta", "moneda": "MXN", "recamaras": 0, "banos": 0, "superficie_m2": 0, "tipo": "lote", "lat": "21.178228893987193", "lng": "-89.81154541994209", "slug": "lote-ciudad-maderas", "destacado": "si", "fecha": "2026-05-25", "descripcion": "Lote sobre desarrollo Ciudad Maderas, con amenidades premium", "fotos": "foto1.JPG,foto2.JPG,foto3.JPG,foto4.JPG,foto5.JPG", "estacionamiento": 0, "niveles": 0, "amueblado": "no", "antiguedad": 0, "frente_m": 0, "fondo_m": 0, "uso_suelo": "Habitacional", "coordenadas": "21.178228893987193,-89.81154541994209", "orientacion": null, "elevacion_msnm": 6, "ciudad": "Ciudad Maderas", "estado": "Yucatán", "transaccion": "venta", "desarrollo": "CIUDAD MADERAS", "vendido": "no", "inmobiliaria": null, "noLote": 47, "nombrecomplejo": "CONDOMINIO MALVA" }, "geometry": { "type": "Polygon", "coordinates": [ [ [ -89.811388572324645, 21.178228984573284 ], [ -89.811588298523276, 21.17820208226626 ], [ -89.811590805850983, 21.178224778731771 ], [ -89.811593103622329, 21.178266253591246 ], [ -89.811391380190983, 21.178291416833314 ], [ -89.811388572324532, 21.178228984573298 ], [ -89.811388789656533, 21.178229751413582 ], [ -89.811388572324645, 21.178228984573284 ] ] ] } },
{ "type": "Feature", "properties": { "id": "MER_CAS_0009", "titulo": "Titulo de como describiria la casa o lote a vender", "precio": 9999999, "folder": "MER_CAS_0009", "preview": "preview.jpg", "status": "venta", "moneda": "MXN", "recamaras": 0, "banos": 0, "superficie_m2": 0, "tipo": "lote", "lat": "21.178073264726216", "lng": "-89.81115340475029", "slug": "lote-ciudad-maderas", "destacado": "si", "fecha": "2026-05-25", "descripcion": "Lote sobre desarrollo Ciudad Maderas, con amenidades premium", "fotos": "foto1.JPG,foto2.JPG,foto3.JPG,foto4.JPG,foto5.JPG", "estacionamiento": 0, "niveles": 0, "amueblado": "no", "antiguedad": 0, "frente_m": 0, "fondo_m": 0, "uso_suelo": "Habitacional", "coordenadas": "21.178073264726216,-89.81115340475029", "orientacion": null, "elevacion_msnm": 6, "ciudad": "Ciudad Maderas", "estado": "Yucatán", "transaccion": "venta", "desarrollo": "CIUDAD MADERAS", "vendido": "no", "inmobiliaria": null, "noLote": 48, "nombrecomplejo": "CONDOMINIO MALVA" }, "geometry": { "type": "Polygon", "coordinates": [ [ [ -89.811119461613714, 21.177996958150423 ], [ -89.811139213034281, 21.178150801041671 ], [ -89.81113675446025, 21.178153190295447 ], [ -89.811123540335643, 21.178178008946645 ], [ -89.811089645565659, 21.178194615594048 ], [ -89.811081067361755, 21.178195696609741 ], [ -89.8110582362049, 21.178004259905148 ], [ -89.811119461613714, 21.177996958150423 ] ] ] } },
{ "type": "Feature", "properties": { "id": "MER_CAS_0009", "titulo": "Titulo de como describiria la casa o lote a vender", "precio": 9999999, "folder": "MER_CAS_0009", "preview": "preview.jpg", "status": "venta", "moneda": "MXN", "recamaras": 0, "banos": 0, "superficie_m2": 0, "tipo": "lote", "lat": "21.177862559835873", "lng": "-89.81143390979084", "slug": "lote-ciudad-maderas", "destacado": "si", "fecha": "2026-05-25", "descripcion": "Lote sobre desarrollo Ciudad Maderas, con amenidades premium", "fotos": "foto1.JPG,foto2.JPG,foto3.JPG,foto4.JPG,foto5.JPG", "estacionamiento": 0, "niveles": 0, "amueblado": "no", "antiguedad": 0, "frente_m": 0, "fondo_m": 0, "uso_suelo": "Habitacional", "coordenadas": "21.177862559835873,-89.81143390979084", "orientacion": null, "elevacion_msnm": 6, "ciudad": "Ciudad Maderas", "estado": "Yucatán", "transaccion": "venta", "desarrollo": "CIUDAD MADERAS", "vendido": "no", "inmobiliaria": null, "noLote": 49, "nombrecomplejo": "CONDOMINIO MALVA" }, "geometry": { "type": "Polygon", "coordinates": [ [ [ -89.811503861046575, 21.17795155748486 ], [ -89.811325104519142, 21.177972433135633 ], [ -89.811292515932337, 21.177769624005187 ], [ -89.811322082781473, 21.177762943115006 ], [ -89.811378485553973, 21.177790881417106 ], [ -89.81145529866059, 21.177873025185288 ], [ -89.811503861046575, 21.17795155748486 ] ] ] } },
{ "type": "Feature", "properties": { "id": "MER_CAS_0009", "titulo": "Titulo de como describiria la casa o lote a vender", "precio": 9999999, "folder": "MER_CAS_0009", "preview": "preview.jpg", "status": "venta", "moneda": "MXN", "recamaras": 0, "banos": 0, "superficie_m2": 0, "tipo": "lote", "lat": "21.17810158770303", "lng": "-89.8115228469318", "slug": "lote-ciudad-maderas", "destacado": "si", "fecha": "2026-05-25", "descripcion": "Lote sobre desarrollo Ciudad Maderas, con amenidades premium", "fotos": "foto1.JPG,foto2.JPG,foto3.JPG,foto4.JPG,foto5.JPG", "estacionamiento": 0, "niveles": 0, "amueblado": "no", "antiguedad": 0, "frente_m": 0, "fondo_m": 0, "uso_suelo": "Habitacional", "coordenadas": "21.17810158770303,-89.8115228469318", "orientacion": null, "elevacion_msnm": 6, "ciudad": "Ciudad Maderas", "estado": "Yucatán", "transaccion": "venta", "desarrollo": "CIUDAD MADERAS", "vendido": "no", "inmobiliaria": null, "noLote": 50, "nombrecomplejo": "CONDOMINIO MALVA" }, "geometry": { "type": "Polygon", "coordinates": [ [ [ -89.811355270810012, 21.178104664527829 ], [ -89.811562104798796, 21.178076870802204 ], [ -89.811570160026065, 21.178097850368282 ], [ -89.811579603284613, 21.178137634137865 ], [ -89.811369372197305, 21.178160934484403 ], [ -89.81135587559028, 21.178107305202275 ], [ -89.811355270810012, 21.178104664527829 ] ] ] } },
{ "type": "Feature", "properties": { "id": "MER_CAS_0009", "titulo": "Titulo de como describiria la casa o lote a vender", "precio": 9999999, "folder": "MER_CAS_0009", "preview": "preview.jpg", "status": "venta", "moneda": "MXN", "recamaras": 0, "banos": 0, "superficie_m2": 0, "tipo": "lote", "lat": "21.178043896000318", "lng": "-89.81150193437418", "slug": "lote-ciudad-maderas", "destacado": "si", "fecha": "2026-05-25", "descripcion": "Lote sobre desarrollo Ciudad Maderas, con amenidades premium", "fotos": "foto1.JPG,foto2.JPG,foto3.JPG,foto4.JPG,foto5.JPG", "estacionamiento": 0, "niveles": 0, "amueblado": "no", "antiguedad": 0, "frente_m": 0, "fondo_m": 0, "uso_suelo": "Habitacional", "coordenadas": "21.178043896000318,-89.81150193437418", "orientacion": null, "elevacion_msnm": 6, "ciudad": "Ciudad Maderas", "estado": "Yucatán", "transaccion": "venta", "desarrollo": "CIUDAD MADERAS", "vendido": "no", "inmobiliaria": null, "noLote": 51, "nombrecomplejo": "CONDOMINIO MALVA" }, "geometry": { "type": "Polygon", "coordinates": [ [ [ -89.811340869919562, 21.178041785351883 ], [ -89.811541533068151, 21.178023292427788 ], [ -89.811562104798796, 21.178076870802204 ], [ -89.811355270810012, 21.178104664527829 ], [ -89.811340869919562, 21.178041785351883 ] ] ] } },
{ "type": "Feature", "properties": { "id": "MER_CAS_0009", "titulo": "Titulo de como describiria la casa o lote a vender", "precio": 9999999, "folder": "MER_CAS_0009", "preview": "preview.jpg", "status": "venta", "moneda": "MXN", "recamaras": 0, "banos": 0, "superficie_m2": 0, "tipo": "lote", "lat": "21.177864101380518", "lng": "-89.81133451325694", "slug": "lote-ciudad-maderas", "destacado": "si", "fecha": "2026-05-25", "descripcion": "Lote sobre desarrollo Ciudad Maderas, con amenidades premium", "fotos": "foto1.JPG,foto2.JPG,foto3.JPG,foto4.JPG,foto5.JPG", "estacionamiento": 0, "niveles": 0, "amueblado": "no", "antiguedad": 0, "frente_m": 0, "fondo_m": 0, "uso_suelo": "Habitacional", "coordenadas": "21.177864101380518,-89.81133451325694", "orientacion": null, "elevacion_msnm": 6, "ciudad": "Ciudad Maderas", "estado": "Yucatán", "transaccion": "venta", "desarrollo": "CIUDAD MADERAS", "vendido": "no", "inmobiliaria": null, "noLote": 52, "nombrecomplejo": "CONDOMINIO MALVA" }, "geometry": { "type": "Polygon", "coordinates": [ [ [ -89.811255265247254, 21.177980762181424 ], [ -89.81124425117487, 21.177784578685444 ], [ -89.811281206965347, 21.177772179365959 ], [ -89.811292515932337, 21.177769624005187 ], [ -89.811325104519142, 21.177972433135633 ], [ -89.811255265247254, 21.177980762181424 ] ] ] } },
{ "type": "Feature", "properties": { "id": "MER_CAS_0009", "titulo": "Titulo de como describiria la casa o lote a vender", "precio": 9999999, "folder": "MER_CAS_0009", "preview": "preview.jpg", "status": "venta", "moneda": "MXN", "recamaras": 0, "banos": 0, "superficie_m2": 0, "tipo": "lote", "lat": "21.17805379443256", "lng": "-89.81136103074711", "slug": "lote-ciudad-maderas", "destacado": "si", "fecha": "2026-05-25", "descripcion": "Lote sobre desarrollo Ciudad Maderas, con amenidades premium", "fotos": "foto1.JPG,foto2.JPG,foto3.JPG,foto4.JPG,foto5.JPG", "estacionamiento": 0, "niveles": 0, "amueblado": "no", "antiguedad": 0, "frente_m": 0, "fondo_m": 0, "uso_suelo": "Habitacional", "coordenadas": "21.17805379443256,-89.81136103074711", "orientacion": null, "elevacion_msnm": 6, "ciudad": "Ciudad Maderas", "estado": "Yucatán", "transaccion": "venta", "desarrollo": "CIUDAD MADERAS", "vendido": "no", "inmobiliaria": null, "noLote": 53, "nombrecomplejo": "CONDOMINIO MALVA" }, "geometry": { "type": "Polygon", "coordinates": [ [ [ -89.811262815637377, 21.178115250304899 ], [ -89.811255265247254, 21.177980762181424 ], [ -89.811325104519142, 21.177972433135633 ], [ -89.811325381879115, 21.177974159231553 ], [ -89.81135587559028, 21.178107305202275 ], [ -89.811369372197305, 21.178160934484403 ], [ -89.811297934861557, 21.178167869301621 ], [ -89.811296466898554, 21.178156949878336 ], [ -89.811269500097922, 21.178117826640406 ], [ -89.811262815637377, 21.178115250304899 ] ] ] } },
{ "type": "Feature", "properties": { "id": "MER_CAS_0009", "titulo": "Titulo de como describiria la casa o lote a vender", "precio": 9999999, "folder": "MER_CAS_0009", "preview": "preview.jpg", "status": "venta", "moneda": "MXN", "recamaras": 0, "banos": 0, "superficie_m2": 0, "tipo": "lote", "lat": "21.17786874998839", "lng": "-89.81126688528647", "slug": "lote-ciudad-maderas", "destacado": "si", "fecha": "2026-05-25", "descripcion": "Lote sobre desarrollo Ciudad Maderas, con amenidades premium", "fotos": "foto1.JPG,foto2.JPG,foto3.JPG,foto4.JPG,foto5.JPG", "estacionamiento": 0, "niveles": 0, "amueblado": "no", "antiguedad": 0, "frente_m": 0, "fondo_m": 0, "uso_suelo": "Habitacional", "coordenadas": "21.17786874998839,-89.81126688528647", "orientacion": null, "elevacion_msnm": 6, "ciudad": "Ciudad Maderas", "estado": "Yucatán", "transaccion": "venta", "desarrollo": "CIUDAD MADERAS", "vendido": "no", "inmobiliaria": null, "noLote": 54, "nombrecomplejo": "CONDOMINIO MALVA" }, "geometry": { "type": "Polygon", "coordinates": [ [ [ -89.811190011293647, 21.177988544381222 ], [ -89.811160487905696, 21.177808864719175 ], [ -89.811197357449231, 21.177800312357441 ], [ -89.81124425117487, 21.177784578685444 ], [ -89.811255265247254, 21.177980762181424 ], [ -89.811190011293647, 21.177988544381222 ] ] ] } },
{ "type": "Feature", "properties": { "id": "MER_CAS_0009", "titulo": "Titulo de como describiria la casa o lote a vender", "precio": 9999999, "folder": "MER_CAS_0009", "preview": "preview.jpg", "status": "venta", "moneda": "MXN", "recamaras": 0, "banos": 0, "superficie_m2": 0, "tipo": "lote", "lat": "21.17802473330658", "lng": "-89.81128414908783", "slug": "lote-ciudad-maderas", "destacado": "si", "fecha": "2026-05-25", "descripcion": "Lote sobre desarrollo Ciudad Maderas, con amenidades premium", "fotos": "foto1.JPG,foto2.JPG,foto3.JPG,foto4.JPG,foto5.JPG", "estacionamiento": 0, "niveles": 0, "amueblado": "no", "antiguedad": 0, "frente_m": 0, "fondo_m": 0, "uso_suelo": "Habitacional", "coordenadas": "21.17802473330658,-89.81128414908783", "orientacion": null, "elevacion_msnm": 6, "ciudad": "Ciudad Maderas", "estado": "Yucatán", "transaccion": "venta", "desarrollo": "CIUDAD MADERAS", "vendido": "no", "inmobiliaria": null, "noLote": 55, "nombrecomplejo": "CONDOMINIO MALVA" }, "geometry": { "type": "Polygon", "coordinates": [ [ [ -89.811208732533373, 21.178102482050964 ], [ -89.811190011293647, 21.177988544381222 ], [ -89.811255265247254, 21.177980762181424 ], [ -89.811262815637377, 21.178115250304899 ], [ -89.811218958672455, 21.178098346883143 ], [ -89.811208732533373, 21.178102482050964 ] ] ] } },
{ "type": "Feature", "properties": { "id": "MER_CAS_0009", "titulo": "Titulo de como describiria la casa o lote a vender", "precio": 9999999, "folder": "MER_CAS_0009", "preview": "preview.jpg", "status": "venta", "moneda": "MXN", "recamaras": 0, "banos": 0, "superficie_m2": 0, "tipo": "lote", "lat": "21.17794617087441", "lng": "-89.81070347365966", "slug": "lote-ciudad-maderas", "destacado": "si", "fecha": "2026-05-25", "descripcion": "Lote sobre desarrollo Ciudad Maderas, con amenidades premium", "fotos": "foto1.JPG,foto2.JPG,foto3.JPG,foto4.JPG,foto5.JPG", "estacionamiento": 0, "niveles": 0, "amueblado": "no", "antiguedad": 0, "frente_m": 0, "fondo_m": 0, "uso_suelo": "Habitacional", "coordenadas": "21.17794617087441,-89.81070347365966", "orientacion": null, "elevacion_msnm": 6, "ciudad": "Ciudad Maderas", "estado": "Yucatán", "transaccion": "venta", "desarrollo": "CIUDAD MADERAS", "vendido": "ap", "inmobiliaria": null, "noLote": 56, "nombrecomplejo": "CONDOMINIO MALVA" }, "geometry": { "type": "Polygon", "coordinates": [ [ [ -89.810697438669138, 21.177842194370506 ], [ -89.810724900592419, 21.178044013578187 ], [ -89.810535405103849, 21.178066612848752 ], [ -89.810572440509276, 21.178039584861956 ], [ -89.810586612693328, 21.17800512469341 ], [ -89.810591079056536, 21.177939810113951 ], [ -89.810589170828436, 21.177899200372089 ], [ -89.810609305511335, 21.17787854468078 ], [ -89.810674835389179, 21.17784643867984 ], [ -89.810697438669138, 21.177842194370506 ] ] ] } },
{ "type": "Feature", "properties": { "id": "MER_CAS_0009", "titulo": "Titulo de como describiria la casa o lote a vender", "precio": 9999999, "folder": "MER_CAS_0009", "preview": "preview.jpg", "status": "venta", "moneda": "MXN", "recamaras": 0, "banos": 0, "superficie_m2": 0, "tipo": "lote", "lat": "21.178124585618196", "lng": "-89.81070750349559", "slug": "lote-ciudad-maderas", "destacado": "si", "fecha": "2026-05-25", "descripcion": "Lote sobre desarrollo Ciudad Maderas, con amenidades premium", "fotos": "foto1.JPG,foto2.JPG,foto3.JPG,foto4.JPG,foto5.JPG", "estacionamiento": 0, "niveles": 0, "amueblado": "no", "antiguedad": 0, "frente_m": 0, "fondo_m": 0, "uso_suelo": "Habitacional", "coordenadas": "21.178124585618196,-89.81070750349559", "orientacion": null, "elevacion_msnm": 6, "ciudad": "Ciudad Maderas", "estado": "Yucatán", "transaccion": "venta", "desarrollo": "CIUDAD MADERAS", "vendido": "no", "inmobiliaria": null, "noLote": 57, "nombrecomplejo": "CONDOMINIO MALVA" }, "geometry": { "type": "Polygon", "coordinates": [ [ [ -89.810724900592419, 21.178044013578187 ], [ -89.810751196887495, 21.178237266519147 ], [ -89.810678977482937, 21.178246367527997 ], [ -89.810610945158345, 21.178266750535869 ], [ -89.810591958064165, 21.178227494426579 ], [ -89.8106393704076, 21.178202106895998 ], [ -89.810584216311284, 21.178119602425376 ], [ -89.810539164727487, 21.178149228718514 ], [ -89.810516292848433, 21.178085438426223 ], [ -89.810527449598823, 21.178072418679214 ], [ -89.810535405103849, 21.178066612848752 ], [ -89.810724900592419, 21.178044013578187 ] ] ] } },
{ "type": "Feature", "properties": { "id": "MER_CAS_0009", "titulo": "Titulo de como describiria la casa o lote a vender", "precio": 9999999, "folder": "MER_CAS_0009", "preview": "preview.jpg", "status": "venta", "moneda": "MXN", "recamaras": 0, "banos": 0, "superficie_m2": 0, "tipo": "lote", "lat": "21.177920806439225", "lng": "-89.81079737799114", "slug": "lote-ciudad-maderas", "destacado": "si", "fecha": "2026-05-25", "descripcion": "Lote sobre desarrollo Ciudad Maderas, con amenidades premium", "fotos": "foto1.JPG,foto2.JPG,foto3.JPG,foto4.JPG,foto5.JPG", "estacionamiento": 0, "niveles": 0, "amueblado": "no", "antiguedad": 0, "frente_m": 0, "fondo_m": 0, "uso_suelo": "Habitacional", "coordenadas": "21.177920806439225,-89.81079737799114", "orientacion": null, "elevacion_msnm": 6, "ciudad": "Ciudad Maderas", "estado": "Yucatán", "transaccion": "venta", "desarrollo": "CIUDAD MADERAS", "vendido": "ap", "inmobiliaria": null, "noLote": 58, "nombrecomplejo": "CONDOMINIO MALVA" }, "geometry": { "type": "Polygon", "coordinates": [ [ [ -89.810758939900822, 21.177830646035392 ], [ -89.810789933196986, 21.178036257776522 ], [ -89.810724900592419, 21.178044013578187 ], [ -89.810697438669138, 21.177842194370506 ], [ -89.810758939900822, 21.177830646035392 ] ] ] } },
{ "type": "Feature", "properties": { "id": "MER_CAS_0009", "titulo": "Titulo de como describiria la casa o lote a vender", "precio": 9999999, "folder": "MER_CAS_0009", "preview": "preview.jpg", "status": "venta", "moneda": "MXN", "recamaras": 0, "banos": 0, "superficie_m2": 0, "tipo": "lote", "lat": "21.178119001924443", "lng": "-89.81082568059985", "slug": "lote-ciudad-maderas", "destacado": "si", "fecha": "2026-05-25", "descripcion": "Lote sobre desarrollo Ciudad Maderas, con amenidades premium", "fotos": "foto1.JPG,foto2.JPG,foto3.JPG,foto4.JPG,foto5.JPG", "estacionamiento": 0, "niveles": 0, "amueblado": "no", "antiguedad": 0, "frente_m": 0, "fondo_m": 0, "uso_suelo": "Habitacional", "coordenadas": "21.178119001924443,-89.81082568059985", "orientacion": null, "elevacion_msnm": 6, "ciudad": "Ciudad Maderas", "estado": "Yucatán", "transaccion": "venta", "desarrollo": "CIUDAD MADERAS", "vendido": "no", "inmobiliaria": null, "noLote": 59, "nombrecomplejo": "CONDOMINIO MALVA" }, "geometry": { "type": "Polygon", "coordinates": [ [ [ -89.810789933196986, 21.178036257776522 ], [ -89.810818945714033, 21.178228728887557 ], [ -89.810751196887495, 21.178237266519147 ], [ -89.810724900592419, 21.178044013578187 ], [ -89.810789933196986, 21.178036257776522 ] ] ] } },
{ "type": "Feature", "properties": { "id": "MER_CAS_0009", "titulo": "Titulo de como describiria la casa o lote a vender", "precio": 9999999, "folder": "MER_CAS_0009", "preview": "preview.jpg", "status": "venta", "moneda": "MXN", "recamaras": 0, "banos": 0, "superficie_m2": 0, "tipo": "lote", "lat": "21.177910049418447", "lng": "-89.81086408473774", "slug": "lote-ciudad-maderas", "destacado": "si", "fecha": "2026-05-25", "descripcion": "Lote sobre desarrollo Ciudad Maderas, con amenidades premium", "fotos": "foto1.JPG,foto2.JPG,foto3.JPG,foto4.JPG,foto5.JPG", "estacionamiento": 0, "niveles": 0, "amueblado": "no", "antiguedad": 0, "frente_m": 0, "fondo_m": 0, "uso_suelo": "Habitacional", "coordenadas": "21.177910049418447,-89.81086408473774", "orientacion": null, "elevacion_msnm": 6, "ciudad": "Ciudad Maderas", "estado": "Yucatán", "transaccion": "venta", "desarrollo": "CIUDAD MADERAS", "vendido": "ap", "inmobiliaria": null, "noLote": 60, "nombrecomplejo": "CONDOMINIO MALVA" }, "geometry": { "type": "Polygon", "coordinates": [ [ [ -89.810831002901978, 21.177822517861941 ], [ -89.810859766156113, 21.178027929483591 ], [ -89.810789933196986, 21.178036257776522 ], [ -89.810758939900822, 21.177830646035392 ], [ -89.810787324956067, 21.177825316058719 ], [ -89.810831002901978, 21.177822517861941 ] ] ] } },
{ "type": "Feature", "properties": { "id": "MER_CAS_0009", "titulo": "Titulo de como describiria la casa o lote a vender", "precio": 9999999, "folder": "MER_CAS_0009", "preview": "preview.jpg", "status": "venta", "moneda": "MXN", "recamaras": 0, "banos": 0, "superficie_m2": 0, "tipo": "lote", "lat": "21.178109567856332", "lng": "-89.81089310379353", "slug": "lote-ciudad-maderas", "destacado": "si", "fecha": "2026-05-25", "descripcion": "Lote sobre desarrollo Ciudad Maderas, con amenidades premium", "fotos": "foto1.JPG,foto2.JPG,foto3.JPG,foto4.JPG,foto5.JPG", "estacionamiento": 0, "niveles": 0, "amueblado": "no", "antiguedad": 0, "frente_m": 0, "fondo_m": 0, "uso_suelo": "Habitacional", "coordenadas": "21.178109567856332,-89.81089310379353", "orientacion": null, "elevacion_msnm": 6, "ciudad": "Ciudad Maderas", "estado": "Yucatán", "transaccion": "venta", "desarrollo": "CIUDAD MADERAS", "vendido": "no", "inmobiliaria": null, "noLote": 61, "nombrecomplejo": "CONDOMINIO MALVA" }, "geometry": { "type": "Polygon", "coordinates": [ [ [ -89.810859766156113, 21.178027929483591 ], [ -89.810886688183302, 21.178220192057104 ], [ -89.810818945714033, 21.178228728887557 ], [ -89.810789933196986, 21.178036257776522 ], [ -89.810859766156113, 21.178027929483591 ] ] ] } },
{ "type": "Feature", "properties": { "id": "MER_CAS_0009", "titulo": "Titulo de como describiria la casa o lote a vender", "precio": 9999999, "folder": "MER_CAS_0009", "preview": "preview.jpg", "status": "venta", "moneda": "MXN", "recamaras": 0, "banos": 0, "superficie_m2": 0, "tipo": "lote", "lat": "21.177903880550147", "lng": "-89.81093276747832", "slug": "lote-ciudad-maderas", "destacado": "si", "fecha": "2026-05-25", "descripcion": "Lote sobre desarrollo Ciudad Maderas, con amenidades premium", "fotos": "foto1.JPG,foto2.JPG,foto3.JPG,foto4.JPG,foto5.JPG", "estacionamiento": 0, "niveles": 0, "amueblado": "no", "antiguedad": 0, "frente_m": 0, "fondo_m": 0, "uso_suelo": "Habitacional", "coordenadas": "21.177903880550147,-89.81093276747832", "orientacion": null, "elevacion_msnm": 6, "ciudad": "Ciudad Maderas", "estado": "Yucatán", "transaccion": "venta", "desarrollo": "CIUDAD MADERAS", "vendido": "ap", "inmobiliaria": null, "noLote": 62, "nombrecomplejo": "CONDOMINIO MALVA" }, "geometry": { "type": "Polygon", "coordinates": [ [ [ -89.810897691530428, 21.177818245502021 ], [ -89.810925635659189, 21.178020073873238 ], [ -89.810859766156113, 21.178027929483591 ], [ -89.810831002901978, 21.177822517861941 ], [ -89.810897691530428, 21.177818245502021 ] ] ] } },
{ "type": "Feature", "properties": { "id": "MER_CAS_0009", "titulo": "Titulo de como describiria la casa o lote a vender", "precio": 9999999, "folder": "MER_CAS_0009", "preview": "preview.jpg", "status": "venta", "moneda": "MXN", "recamaras": 0, "banos": 0, "superficie_m2": 0, "tipo": "lote", "lat": "21.17810172295494", "lng": "-89.81096040264126", "slug": "lote-ciudad-maderas", "destacado": "si", "fecha": "2026-05-25", "descripcion": "Lote sobre desarrollo Ciudad Maderas, con amenidades premium", "fotos": "foto1.JPG,foto2.JPG,foto3.JPG,foto4.JPG,foto5.JPG", "estacionamiento": 0, "niveles": 0, "amueblado": "no", "antiguedad": 0, "frente_m": 0, "fondo_m": 0, "uso_suelo": "Habitacional", "coordenadas": "21.17810172295494,-89.81096040264126", "orientacion": null, "elevacion_msnm": 6, "ciudad": "Ciudad Maderas", "estado": "Yucatán", "transaccion": "venta", "desarrollo": "CIUDAD MADERAS", "vendido": "no", "inmobiliaria": null, "noLote": 63, "nombrecomplejo": "CONDOMINIO MALVA" }, "geometry": { "type": "Polygon", "coordinates": [ [ [ -89.810925635659189, 21.178020073873238 ], [ -89.810952199959033, 21.178211936336162 ], [ -89.810886688183302, 21.178220192057104 ], [ -89.810859766156113, 21.178027929483591 ], [ -89.810925635659189, 21.178020073873238 ] ] ] } },
{ "type": "Feature", "properties": { "id": "MER_CAS_0009", "titulo": "Titulo de como describiria la casa o lote a vender", "precio": 9999999, "folder": "MER_CAS_0009", "preview": "preview.jpg", "status": "venta", "moneda": "MXN", "recamaras": 0, "banos": 0, "superficie_m2": 0, "tipo": "lote", "lat": "21.177900392649757", "lng": "-89.81099691940223", "slug": "lote-ciudad-maderas", "destacado": "si", "fecha": "2026-05-25", "descripcion": "Lote sobre desarrollo Ciudad Maderas, con amenidades premium", "fotos": "foto1.JPG,foto2.JPG,foto3.JPG,foto4.JPG,foto5.JPG", "estacionamiento": 0, "niveles": 0, "amueblado": "no", "antiguedad": 0, "frente_m": 0, "fondo_m": 0, "uso_suelo": "Habitacional", "coordenadas": "21.177900392649757,-89.81099691940223", "orientacion": null, "elevacion_msnm": 6, "ciudad": "Ciudad Maderas", "estado": "Yucatán", "transaccion": "venta", "desarrollo": "CIUDAD MADERAS", "vendido": "ap", "inmobiliaria": null, "noLote": 64, "nombrecomplejo": "CONDOMINIO MALVA" }, "geometry": { "type": "Polygon", "coordinates": [ [ [ -89.810958123502317, 21.177819321318427 ], [ -89.810989067631624, 21.178012508963285 ], [ -89.810925635659189, 21.178020073873238 ], [ -89.810897691530428, 21.177818245502021 ], [ -89.810900077346332, 21.177818092656409 ], [ -89.810958123502317, 21.177819321318427 ] ] ] } },
{ "type": "Feature", "properties": { "id": "MER_CAS_0009", "titulo": "Titulo de como describiria la casa o lote a vender", "precio": 9999999, "folder": "MER_CAS_0009", "preview": "preview.jpg", "status": "venta", "moneda": "MXN", "recamaras": 0, "banos": 0, "superficie_m2": 0, "tipo": "lote", "lat": "21.178094746275512", "lng": "-89.81102612709492", "slug": "lote-ciudad-maderas", "destacado": "si", "fecha": "2026-05-25", "descripcion": "Lote sobre desarrollo Ciudad Maderas, con amenidades premium", "fotos": "foto1.JPG,foto2.JPG,foto3.JPG,foto4.JPG,foto5.JPG", "estacionamiento": 0, "niveles": 0, "amueblado": "no", "antiguedad": 0, "frente_m": 0, "fondo_m": 0, "uso_suelo": "Habitacional", "coordenadas": "21.178094746275512,-89.81102612709492", "orientacion": null, "elevacion_msnm": 6, "ciudad": "Ciudad Maderas", "estado": "Yucatán", "transaccion": "venta", "desarrollo": "CIUDAD MADERAS", "vendido": "no", "inmobiliaria": null, "noLote": 65, "nombrecomplejo": "CONDOMINIO MALVA" }, "geometry": { "type": "Polygon", "coordinates": [ [ [ -89.810989067631624, 21.178012508963285 ], [ -89.811019649727257, 21.178203436391566 ], [ -89.810952199959033, 21.178211936336162 ], [ -89.810925635659189, 21.178020073873238 ], [ -89.810989067631624, 21.178012508963285 ] ] ] } },
{ "type": "Feature", "properties": { "id": "MER_CAS_0009", "titulo": "Titulo de como describiria la casa o lote a vender", "precio": 9999999, "folder": "MER_CAS_0009", "preview": "preview.jpg", "status": "venta", "moneda": "MXN", "recamaras": 0, "banos": 0, "superficie_m2": 0, "tipo": "lote", "lat": "21.17789441518377", "lng": "-89.81106424121144", "slug": "lote-ciudad-maderas", "destacado": "si", "fecha": "2026-05-25", "descripcion": "Lote sobre desarrollo Ciudad Maderas, con amenidades premium", "fotos": "foto1.JPG,foto2.JPG,foto3.JPG,foto4.JPG,foto5.JPG", "estacionamiento": 0, "niveles": 0, "amueblado": "no", "antiguedad": 0, "frente_m": 0, "fondo_m": 0, "uso_suelo": "Habitacional", "coordenadas": "21.17789441518377,-89.81106424121144", "orientacion": null, "elevacion_msnm": 6, "ciudad": "Ciudad Maderas", "estado": "Yucatán", "transaccion": "venta", "desarrollo": "CIUDAD MADERAS", "vendido": "ap", "inmobiliaria": null, "noLote": 66, "nombrecomplejo": "CONDOMINIO MALVA" }, "geometry": { "type": "Polygon", "coordinates": [ [ [ -89.811036377573842, 21.177820977721058 ], [ -89.8110582362049, 21.178004259905148 ], [ -89.810989067631624, 21.178012508963285 ], [ -89.810958123502317, 21.177819321318427 ], [ -89.811036377573842, 21.177820977721058 ] ] ] } },
{ "type": "Feature", "properties": { "id": "MER_CAS_0009", "titulo": "Titulo de como describiria la casa o lote a vender", "precio": 9999999, "folder": "MER_CAS_0009", "preview": "preview.jpg", "status": "venta", "moneda": "MXN", "recamaras": 0, "banos": 0, "superficie_m2": 0, "tipo": "lote", "lat": "21.178083861284343", "lng": "-89.81109108345804", "slug": "lote-ciudad-maderas", "destacado": "si", "fecha": "2026-05-25", "descripcion": "Lote sobre desarrollo Ciudad Maderas, con amenidades premium", "fotos": "foto1.JPG,foto2.JPG,foto3.JPG,foto4.JPG,foto5.JPG", "estacionamiento": 0, "niveles": 0, "amueblado": "no", "antiguedad": 0, "frente_m": 0, "fondo_m": 0, "uso_suelo": "Habitacional", "coordenadas": "21.178083861284343,-89.81109108345804", "orientacion": null, "elevacion_msnm": 6, "ciudad": "Ciudad Maderas", "estado": "Yucatán", "transaccion": "venta", "desarrollo": "CIUDAD MADERAS", "vendido": "no", "inmobiliaria": null, "noLote": 67, "nombrecomplejo": "CONDOMINIO MALVA" }, "geometry": { "type": "Polygon", "coordinates": [ [ [ -89.8110582362049, 21.178004259905148 ], [ -89.811081067361755, 21.178195696609741 ], [ -89.811019649727257, 21.178203436391566 ], [ -89.810989067631624, 21.178012508963285 ], [ -89.8110582362049, 21.178004259905148 ] ] ] } },
{ "type": "Feature", "properties": { "id": "MER_CAS_0009", "titulo": "Titulo de como describiria la casa o lote a vender", "precio": 9999999, "folder": "MER_CAS_0009", "preview": "preview.jpg", "status": "venta", "moneda": "MXN", "recamaras": 0, "banos": 0, "superficie_m2": 0, "tipo": "lote", "lat": "21.177892634360568", "lng": "-89.81113194344788", "slug": "lote-ciudad-maderas", "destacado": "si", "fecha": "2026-05-25", "descripcion": "Lote sobre desarrollo Ciudad Maderas, con amenidades premium", "fotos": "foto1.JPG,foto2.JPG,foto3.JPG,foto4.JPG,foto5.JPG", "estacionamiento": 0, "niveles": 0, "amueblado": "no", "antiguedad": 0, "frente_m": 0, "fondo_m": 0, "uso_suelo": "Habitacional", "coordenadas": "21.177892634360568,-89.81113194344788", "orientacion": null, "elevacion_msnm": 6, "ciudad": "Ciudad Maderas", "estado": "Yucatán", "transaccion": "venta", "desarrollo": "CIUDAD MADERAS", "vendido": "ap", "inmobiliaria": null, "noLote": 68, "nombrecomplejo": "CONDOMINIO MALVA" }, "geometry": { "type": "Polygon", "coordinates": [ [ [ -89.811096665099669, 21.17781939716852 ], [ -89.811119461613714, 21.177996958150423 ], [ -89.8110582362049, 21.178004259905148 ], [ -89.811036377573842, 21.177820977721058 ], [ -89.811041530279297, 21.177821086788288 ], [ -89.811096665099669, 21.17781939716852 ] ] ] } },
{ "type": "Feature", "properties": { "id": "MER_CAS_0009", "titulo": "Titulo de como describiria la casa o lote a vender", "precio": 9999999, "folder": "MER_CAS_0009", "preview": "preview.jpg", "status": "venta", "moneda": "MXN", "recamaras": 0, "banos": 0, "superficie_m2": 0, "tipo": "lote", "lat": "21.178040617966925", "lng": "-89.81121673816283", "slug": "lote-ciudad-maderas", "destacado": "si", "fecha": "2026-05-25", "descripcion": "Lote sobre desarrollo Ciudad Maderas, con amenidades premium", "fotos": "foto1.JPG,foto2.JPG,foto3.JPG,foto4.JPG,foto5.JPG", "estacionamiento": 0, "niveles": 0, "amueblado": "no", "antiguedad": 0, "frente_m": 0, "fondo_m": 0, "uso_suelo": "Habitacional", "coordenadas": "21.178040617966925,-89.81121673816283", "orientacion": null, "elevacion_msnm": 6, "ciudad": "Ciudad Maderas", "estado": "Yucatán", "transaccion": "venta", "desarrollo": "CIUDAD MADERAS", "vendido": "no", "inmobiliaria": null, "noLote": 69, "nombrecomplejo": "CONDOMINIO MALVA" }, "geometry": { "type": "Polygon", "coordinates": [ [ [ -89.811139213034281, 21.178150801041671 ], [ -89.811119461613714, 21.177996958150423 ], [ -89.811190011293647, 21.177988544381222 ], [ -89.811208732533373, 21.178102482050964 ], [ -89.811174824729818, 21.178116193428927 ], [ -89.811139213034281, 21.178150801041671 ] ] ] } },
{ "type": "Feature", "properties": { "id": "MER_CAS_0009", "titulo": "Titulo de como describiria la casa o lote a vender", "precio": 9999999, "folder": "MER_CAS_0009", "preview": "preview.jpg", "status": "venta", "moneda": "MXN", "recamaras": 0, "banos": 0, "superficie_m2": 0, "tipo": "lote", "lat": "21.17860397774549", "lng": "-89.81197714697136", "slug": "lote-ciudad-maderas", "destacado": "si", "fecha": "2026-05-25", "descripcion": "Lote sobre desarrollo Ciudad Maderas, con amenidades premium", "fotos": "foto1.JPG,foto2.JPG,foto3.JPG,foto4.JPG,foto5.JPG", "estacionamiento": 0, "niveles": 0, "amueblado": "no", "antiguedad": 0, "frente_m": 0, "fondo_m": 0, "uso_suelo": "Habitacional", "coordenadas": "21.17860397774549,-89.81197714697136", "orientacion": null, "elevacion_msnm": 6, "ciudad": "Ciudad Maderas", "estado": "Yucatán", "transaccion": "venta", "desarrollo": "CIUDAD MADERAS", "vendido": "no", "inmobiliaria": null, "noLote": 70, "nombrecomplejo": "CONDOMINIO MALVA" }, "geometry": { "type": "Polygon", "coordinates": [ [ [ -89.811782549428202, 21.178584790858324 ], [ -89.811939932178319, 21.178519502183136 ], [ -89.812019760223706, 21.178708872682687 ], [ -89.811872702366387, 21.178706106354809 ], [ -89.811888528387399, 21.178682387799515 ], [ -89.811885318005082, 21.178633243687262 ], [ -89.811865352418579, 21.178602560139492 ], [ -89.811821771765821, 21.178589381807672 ], [ -89.811782549428202, 21.178584790858324 ] ] ] } },
{ "type": "Feature", "properties": { "id": "MER_CAS_0009", "titulo": "Titulo de como describiria la casa o lote a vender", "precio": 9999999, "folder": "MER_CAS_0009", "preview": "preview.jpg", "status": "venta", "moneda": "MXN", "recamaras": 0, "banos": 0, "superficie_m2": 0, "tipo": "lote", "lat": "21.178506876911015", "lng": "-89.81189447279914", "slug": "lote-ciudad-maderas", "destacado": "si", "fecha": "2026-05-25", "descripcion": "Lote sobre desarrollo Ciudad Maderas, con amenidades premium", "fotos": "foto1.JPG,foto2.JPG,foto3.JPG,foto4.JPG,foto5.JPG", "estacionamiento": 0, "niveles": 0, "amueblado": "no", "antiguedad": 0, "frente_m": 0, "fondo_m": 0, "uso_suelo": "Habitacional", "coordenadas": "21.178506876911015,-89.81189447279914", "orientacion": null, "elevacion_msnm": 6, "ciudad": "Ciudad Maderas", "estado": "Yucatán", "transaccion": "venta", "desarrollo": "CIUDAD MADERAS", "vendido": "no", "inmobiliaria": null, "noLote": 71, "nombrecomplejo": "CONDOMINIO MALVA" }, "geometry": { "type": "Polygon", "coordinates": [ [ [ -89.811737151545245, 21.178531852236539 ], [ -89.811915043223578, 21.178460459853223 ], [ -89.811939932178319, 21.178519502183136 ], [ -89.811782549428202, 21.178584790858324 ], [ -89.811773772955107, 21.178583763577802 ], [ -89.811752889958839, 21.178564859913269 ], [ -89.811737151545245, 21.178531852236539 ] ] ] } },
{ "type": "Feature", "properties": { "id": "MER_CAS_0008", "titulo": "Titulo de como describiria la casa o lote a vender", "precio": 9999999, "folder": "MER_CAS_0008", "preview": "preview.jpg", "status": "venta", "moneda": "MXN", "recamaras": 0, "banos": 0, "superficie_m2": 0, "tipo": "lote", "lat": "21.178448855188027", "lng": "-89.8118680635325", "slug": "lote-ciudad-maderas", "destacado": "si", "fecha": "2026-05-25", "descripcion": "Lote sobre desarrollo Ciudad Maderas, con amenidades premium", "fotos": "foto1.JPG,foto2.JPG,foto3.JPG,foto4.JPG,foto5.JPG", "estacionamiento": 0, "niveles": 0, "amueblado": "no", "antiguedad": 0, "frente_m": 0, "fondo_m": 0, "uso_suelo": "Habitacional", "coordenadas": "21.178448855188027,-89.8118680635325", "orientacion": null, "elevacion_msnm": 6, "ciudad": "Ciudad Maderas", "estado": "Yucatán", "transaccion": "venta", "desarrollo": "CIUDAD MADERAS", "vendido": "no", "inmobiliaria": null, "noLote": 72, "nombrecomplejo": "CONDOMINIO MALVA" }, "geometry": { "type": "Polygon", "coordinates": [ [ [ -89.811710482062267, 21.178475919173916 ], [ -89.811890115126943, 21.178401324669736 ], [ -89.811915043223578, 21.178460459853223 ], [ -89.811737151545245, 21.178531852236539 ], [ -89.811710482062267, 21.178475919173916 ] ] ] } },
{ "type": "Feature", "properties": { "id": "MER_CAS_0008", "titulo": "Titulo de como describiria la casa o lote a vender", "precio": 9999999, "folder": "MER_CAS_0008", "preview": "preview.jpg", "status": "venta", "moneda": "MXN", "recamaras": 0, "banos": 0, "superficie_m2": 0, "tipo": "lote", "lat": "21.178391705724913", "lng": "-89.81184119014884", "slug": "lote-ciudad-maderas", "destacado": "si", "fecha": "2026-05-25", "descripcion": "Lote sobre desarrollo Ciudad Maderas, con amenidades premium", "fotos": "foto1.JPG,foto2.JPG,foto3.JPG,foto4.JPG,foto5.JPG", "estacionamiento": 0, "niveles": 0, "amueblado": "no", "antiguedad": 0, "frente_m": 0, "fondo_m": 0, "uso_suelo": "Habitacional", "coordenadas": "21.178391705724913,-89.81184119014884", "orientacion": null, "elevacion_msnm": 6, "ciudad": "Ciudad Maderas", "estado": "Yucatán", "transaccion": "venta", "desarrollo": "CIUDAD MADERAS", "vendido": "no", "inmobiliaria": null, "noLote": 73, "nombrecomplejo": "CONDOMINIO MALVA" }, "geometry": { "type": "Polygon", "coordinates": [ [ [ -89.811690686352534, 21.178412129098511 ], [ -89.811866606746847, 21.178345557380673 ], [ -89.811890115126943, 21.178401324669736 ], [ -89.811710482062267, 21.178475919173916 ], [ -89.811694706862866, 21.178442834347461 ], [ -89.811690686352534, 21.178412129098511 ] ] ] } },
{ "type": "Feature", "properties": { "id": "MER_CAS_0008", "titulo": "Titulo de como describiria la casa o lote a vender", "precio": 9999999, "folder": "MER_CAS_0008", "preview": "preview.jpg", "status": "venta", "moneda": "MXN", "recamaras": 0, "banos": 0, "superficie_m2": 0, "tipo": "lote", "lat": "21.17829357624912", "lng": "-89.81181264591038", "slug": "lote-ciudad-maderas", "destacado": "si", "fecha": "2026-05-25", "descripcion": "Lote sobre desarrollo Ciudad Maderas, con amenidades premium", "fotos": "foto1.JPG,foto2.JPG,foto3.JPG,foto4.JPG,foto5.JPG", "estacionamiento": 0, "niveles": 0, "amueblado": "no", "antiguedad": 0, "frente_m": 0, "fondo_m": 0, "uso_suelo": "Habitacional", "coordenadas": "21.17829357624912,-89.81181264591038", "orientacion": null, "elevacion_msnm": 6, "ciudad": "Ciudad Maderas", "estado": "Yucatán", "transaccion": "venta", "desarrollo": "CIUDAD MADERAS", "vendido": "no", "inmobiliaria": null, "noLote": 74, "nombrecomplejo": "CONDOMINIO MALVA" }, "geometry": { "type": "Polygon", "coordinates": [ [ [ -89.811672900550306, 21.178245650331409 ], [ -89.8118169246778, 21.17822770007642 ], [ -89.811866606746847, 21.178345557380673 ], [ -89.811690686352534, 21.178412129098511 ], [ -89.811677379576125, 21.178310503223138 ], [ -89.811672900550306, 21.178245650331409 ] ] ] } },
{ "type": "Feature", "properties": { "id": "MER_CAS_0008", "titulo": "Titulo de como describiria la casa o lote a vender", "precio": 9999999, "folder": "MER_CAS_0008", "preview": "preview.jpg", "status": "venta", "moneda": "MXN", "recamaras": 0, "banos": 0, "superficie_m2": 0, "tipo": "lote", "lat": "21.177813921814028", "lng": "-89.81167597286142", "slug": "lote-ciudad-maderas", "destacado": "si", "fecha": "2026-05-25", "descripcion": "Lote sobre desarrollo Ciudad Maderas, con amenidades premium", "fotos": "foto1.JPG,foto2.JPG,foto3.JPG,foto4.JPG,foto5.JPG", "estacionamiento": 0, "niveles": 0, "amueblado": "no", "antiguedad": 0, "frente_m": 0, "fondo_m": 0, "uso_suelo": "Habitacional", "coordenadas": "21.177813921814028,-89.81167597286142", "orientacion": null, "elevacion_msnm": 6, "ciudad": "Ciudad Maderas", "estado": "Yucatán", "transaccion": "venta", "desarrollo": "CIUDAD MADERAS", "vendido": "no", "inmobiliaria": null, "noLote": 75, "nombrecomplejo": "CONDOMINIO MALVA" }, "geometry": { "type": "Polygon", "coordinates": [ [ [ -89.811769012139891, 21.177859548414187 ], [ -89.811584367663542, 21.177933566146208 ], [ -89.811471036201169, 21.177770624889874 ], [ -89.811478773040278, 21.177757661998555 ], [ -89.811514826181053, 21.177734602295821 ], [ -89.811547593749751, 21.177778976526874 ], [ -89.811729759044482, 21.17776961079786 ], [ -89.811769012139891, 21.177859548414187 ] ] ] } },
{ "type": "Feature", "properties": { "id": "MER_CAS_0008", "titulo": "Titulo de como describiria la casa o lote a vender", "precio": 9999999, "folder": "MER_CAS_0008", "preview": "preview.jpg", "status": "venta", "moneda": "MXN", "recamaras": 0, "banos": 0, "superficie_m2": 0, "tipo": "lote", "lat": "21.1777654003217", "lng": "-89.81187981256159", "slug": "lote-ciudad-maderas", "destacado": "si", "fecha": "2026-05-25", "descripcion": "Lote sobre desarrollo Ciudad Maderas, con amenidades premium", "fotos": "foto1.JPG,foto2.JPG,foto3.JPG,foto4.JPG,foto5.JPG", "estacionamiento": 0, "niveles": 0, "amueblado": "no", "antiguedad": 0, "frente_m": 0, "fondo_m": 0, "uso_suelo": "Habitacional", "coordenadas": "21.1777654003217,-89.81187981256159", "orientacion": null, "elevacion_msnm": 6, "ciudad": "Ciudad Maderas", "estado": "Yucatán", "transaccion": "venta", "desarrollo": "CIUDAD MADERAS", "vendido": "no", "inmobiliaria": null, "noLote": 76, "nombrecomplejo": "CONDOMINIO MALVA" }, "geometry": { "type": "Polygon", "coordinates": [ [ [ -89.81195273996758, 21.177785898135653 ], [ -89.811769012139891, 21.177859548414187 ], [ -89.811729759044482, 21.17776961079786 ], [ -89.811732141557755, 21.177769488303554 ], [ -89.811717774672417, 21.177733363987969 ], [ -89.811906086054449, 21.177741994649654 ], [ -89.811938246899345, 21.177754293534687 ], [ -89.81195273996758, 21.177785898135653 ] ] ] } },
{ "type": "Feature", "properties": { "id": "MER_CAS_0008", "titulo": "Titulo de como describiria la casa o lote a vender", "precio": 9999999, "folder": "MER_CAS_0008", "preview": "preview.jpg", "status": "venta", "moneda": "MXN", "recamaras": 0, "banos": 0, "superficie_m2": 0, "tipo": "lote", "lat": "21.17816225066593", "lng": "-89.8118495196009", "slug": "lote-ciudad-maderas", "destacado": "si", "fecha": "2026-05-25", "descripcion": "Lote sobre desarrollo Ciudad Maderas, con amenidades premium", "fotos": "foto1.JPG,foto2.JPG,foto3.JPG,foto4.JPG,foto5.JPG", "estacionamiento": 0, "niveles": 0, "amueblado": "no", "antiguedad": 0, "frente_m": 0, "fondo_m": 0, "uso_suelo": "Habitacional", "coordenadas": "21.17816225066593,-89.8118495196009", "orientacion": null, "elevacion_msnm": 6, "ciudad": "Ciudad Maderas", "estado": "Yucatán", "transaccion": "venta", "desarrollo": "CIUDAD MADERAS", "vendido": "no", "inmobiliaria": null, "noLote": 77, "nombrecomplejo": "CONDOMINIO MALVA" }, "geometry": { "type": "Polygon", "coordinates": [ [ [ -89.811667935507344, 21.178173760301679 ], [ -89.811871659183126, 21.178094735736135 ], [ -89.811923542666591, 21.178213612394906 ], [ -89.8118169246778, 21.17822770007642 ], [ -89.811672900550306, 21.178245650331409 ], [ -89.811667935507344, 21.178173760301679 ] ] ] } },
{ "type": "Feature", "properties": { "id": "MER_CAS_0008", "titulo": "Titulo de como describiria la casa o lote a vender", "precio": 9999999, "folder": "MER_CAS_0008", "preview": "preview.jpg", "status": "venta", "moneda": "MXN", "recamaras": 0, "banos": 0, "superficie_m2": 0, "tipo": "lote", "lat": "21.178068734299274", "lng": "-89.81203162305758", "slug": "lote-ciudad-maderas", "destacado": "si", "fecha": "2026-05-25", "descripcion": "Lote sobre desarrollo Ciudad Maderas, con amenidades premium", "fotos": "foto1.JPG,foto2.JPG,foto3.JPG,foto4.JPG,foto5.JPG", "estacionamiento": 0, "niveles": 0, "amueblado": "no", "antiguedad": 0, "frente_m": 0, "fondo_m": 0, "uso_suelo": "Habitacional", "coordenadas": "21.178068734299274,-89.81203162305758", "orientacion": null, "elevacion_msnm": 6, "ciudad": "Ciudad Maderas", "estado": "Yucatán", "transaccion": "venta", "desarrollo": "CIUDAD MADERAS", "vendido": "no", "inmobiliaria": null, "noLote": 78, "nombrecomplejo": "CONDOMINIO MALVA" }, "geometry": { "type": "Polygon", "coordinates": [ [ [ -89.812085253380104, 21.178074866175972 ], [ -89.811897637884584, 21.178154258778481 ], [ -89.811871659183126, 21.178094735736135 ], [ -89.812060732434006, 21.178021394081316 ], [ -89.812085253380104, 21.178074866175972 ] ] ] } },
{ "type": "Feature", "properties": { "id": "MER_CAS_0008", "titulo": "Titulo de como describiria la casa o lote a vender", "precio": 9999999, "folder": "MER_CAS_0008", "preview": "preview.jpg", "status": "venta", "moneda": "MXN", "recamaras": 0, "banos": 0, "superficie_m2": 0, "tipo": "lote", "lat": "21.17808455318235", "lng": "-89.81181521398317", "slug": "lote-ciudad-maderas", "destacado": "si", "fecha": "2026-05-25", "descripcion": "Lote sobre desarrollo Ciudad Maderas, con amenidades premium", "fotos": "foto1.JPG,foto2.JPG,foto3.JPG,foto4.JPG,foto5.JPG", "estacionamiento": 0, "niveles": 0, "amueblado": "no", "antiguedad": 0, "frente_m": 0, "fondo_m": 0, "uso_suelo": "Habitacional", "coordenadas": "21.17808455318235,-89.81181521398317", "orientacion": null, "elevacion_msnm": 6, "ciudad": "Ciudad Maderas", "estado": "Yucatán", "transaccion": "venta", "desarrollo": "CIUDAD MADERAS", "vendido": "no", "inmobiliaria": null, "noLote": 79, "nombrecomplejo": "CONDOMINIO MALVA" }, "geometry": { "type": "Polygon", "coordinates": [ [ [ -89.811655479197896, 21.178108044106558 ], [ -89.811845267529463, 21.178034266557965 ], [ -89.811871659183126, 21.178094735736135 ], [ -89.811667935507344, 21.178173760301679 ], [ -89.811666386296324, 21.178151328881956 ], [ -89.811655479197896, 21.178108044106558 ] ] ] } },
{ "type": "Feature", "properties": { "id": "MER_CAS_0008", "titulo": "Titulo de como describiria la casa o lote a vender", "precio": 9999999, "folder": "MER_CAS_0008", "preview": "preview.jpg", "status": "venta", "moneda": "MXN", "recamaras": 0, "banos": 0, "superficie_m2": 0, "tipo": "lote", "lat": "21.178009684772217", "lng": "-89.81200710188828", "slug": "lote-ciudad-maderas", "destacado": "si", "fecha": "2026-05-25", "descripcion": "Lote sobre desarrollo Ciudad Maderas, con amenidades premium", "fotos": "foto1.JPG,foto2.JPG,foto3.JPG,foto4.JPG,foto5.JPG", "estacionamiento": 0, "niveles": 0, "amueblado": "no", "antiguedad": 0, "frente_m": 0, "fondo_m": 0, "uso_suelo": "Habitacional", "coordenadas": "21.178009684772217,-89.81200710188828", "orientacion": null, "elevacion_msnm": 6, "ciudad": "Ciudad Maderas", "estado": "Yucatán", "transaccion": "venta", "desarrollo": "CIUDAD MADERAS", "vendido": "no", "inmobiliaria": null, "noLote": 80, "nombrecomplejo": "CONDOMINIO MALVA" }, "geometry": { "type": "Polygon", "coordinates": [ [ [ -89.811845267529463, 21.178034266557965 ], [ -89.812033143770805, 21.177961232307595 ], [ -89.812060732434006, 21.178021394081316 ], [ -89.811871659183126, 21.178094735736135 ], [ -89.811845267529463, 21.178034266557965 ] ] ] } },
{ "type": "Feature", "properties": { "id": "MER_CAS_0008", "titulo": "Titulo de como describiria la casa o lote a vender", "precio": 9999999, "folder": "MER_CAS_0008", "preview": "preview.jpg", "status": "venta", "moneda": "MXN", "recamaras": 0, "banos": 0, "superficie_m2": 0, "tipo": "lote", "lat": "21.17802223123399", "lng": "-89.81179394327252", "slug": "lote-ciudad-maderas", "destacado": "si", "fecha": "2026-05-25", "descripcion": "Lote sobre desarrollo Ciudad Maderas, con amenidades premium", "fotos": "foto1.JPG,foto2.JPG,foto3.JPG,foto4.JPG,foto5.JPG", "estacionamiento": 0, "niveles": 0, "amueblado": "no", "antiguedad": 0, "frente_m": 0, "fondo_m": 0, "uso_suelo": "Habitacional", "coordenadas": "21.17802223123399,-89.81179394327252", "orientacion": null, "elevacion_msnm": 6, "ciudad": "Ciudad Maderas", "estado": "Yucatán", "transaccion": "venta", "desarrollo": "CIUDAD MADERAS", "vendido": "no", "inmobiliaria": null, "noLote": 81, "nombrecomplejo": "CONDOMINIO MALVA" }, "geometry": { "type": "Polygon", "coordinates": [ [ [ -89.811639171925478, 21.178043328762865 ], [ -89.811819247852256, 21.177974649661003 ], [ -89.811845267529463, 21.178034266557965 ], [ -89.811655479197896, 21.178108044106558 ], [ -89.811639171925478, 21.178043328762865 ] ] ] } },
{ "type": "Feature", "properties": { "id": "MER_CAS_0008", "titulo": "Titulo de como describiria la casa o lote a vender", "precio": 9999999, "folder": "MER_CAS_0008", "preview": "preview.jpg", "status": "venta", "moneda": "MXN", "recamaras": 0, "banos": 0, "superficie_m2": 0, "tipo": "lote", "lat": "21.177950251870207", "lng": "-89.81198010300508", "slug": "lote-ciudad-maderas", "destacado": "si", "fecha": "2026-05-25", "descripcion": "Lote sobre desarrollo Ciudad Maderas, con amenidades premium", "fotos": "foto1.JPG,foto2.JPG,foto3.JPG,foto4.JPG,foto5.JPG", "estacionamiento": 0, "niveles": 0, "amueblado": "no", "antiguedad": 0, "frente_m": 0, "fondo_m": 0, "uso_suelo": "Habitacional", "coordenadas": "21.177950251870207,-89.81198010300508", "orientacion": null, "elevacion_msnm": 6, "ciudad": "Ciudad Maderas", "estado": "Yucatán", "transaccion": "venta", "desarrollo": "CIUDAD MADERAS", "vendido": "no", "inmobiliaria": null, "noLote": 82, "nombrecomplejo": "CONDOMINIO MALVA" }, "geometry": { "type": "Polygon", "coordinates": [ [ [ -89.811819247852256, 21.177974649661003 ], [ -89.812006540041992, 21.177903218350849 ], [ -89.812033143770805, 21.177961232307595 ], [ -89.811845267529463, 21.178034266557965 ], [ -89.811819247852256, 21.177974649661003 ] ] ] } },
{ "type": "Feature", "properties": { "id": "MER_CAS_0008", "titulo": "Titulo de como describiria la casa o lote a vender", "precio": 9999999, "folder": "MER_CAS_0008", "preview": "preview.jpg", "status": "venta", "moneda": "MXN", "recamaras": 0, "banos": 0, "superficie_m2": 0, "tipo": "lote", "lat": "21.177963199461825", "lng": "-89.81177547707875", "slug": "lote-ciudad-maderas", "destacado": "si", "fecha": "2026-05-25", "descripcion": "Lote sobre desarrollo Ciudad Maderas, con amenidades premium", "fotos": "foto1.JPG,foto2.JPG,foto3.JPG,foto4.JPG,foto5.JPG", "estacionamiento": 0, "niveles": 0, "amueblado": "no", "antiguedad": 0, "frente_m": 0, "fondo_m": 0, "uso_suelo": "Habitacional", "coordenadas": "21.177963199461825,-89.81177547707875", "orientacion": null, "elevacion_msnm": 6, "ciudad": "Ciudad Maderas", "estado": "Yucatán", "transaccion": "venta", "desarrollo": "CIUDAD MADERAS", "vendido": "no", "inmobiliaria": null, "noLote": 83, "nombrecomplejo": "CONDOMINIO MALVA" }, "geometry": { "type": "Polygon", "coordinates": [ [ [ -89.811623774162783, 21.177990222474122 ], [ -89.811795147953902, 21.17791943140654 ], [ -89.811819247852256, 21.177974649661003 ], [ -89.811639171925478, 21.178043328762865 ], [ -89.811626935143892, 21.177994767145314 ], [ -89.811623774162783, 21.177990222474122 ] ] ] } },
{ "type": "Feature", "properties": { "id": "MER_CAS_0008", "titulo": "Titulo de como describiria la casa o lote a vender", "precio": 9999999, "folder": "MER_CAS_0008", "preview": "preview.jpg", "status": "venta", "moneda": "MXN", "recamaras": 0, "banos": 0, "superficie_m2": 0, "tipo": "lote", "lat": "21.177891438611113", "lng": "-89.81195572379013", "slug": "lote-ciudad-maderas", "destacado": "si", "fecha": "2026-05-25", "descripcion": "Lote sobre desarrollo Ciudad Maderas, con amenidades premium", "fotos": "foto1.JPG,foto2.JPG,foto3.JPG,foto4.JPG,foto5.JPG", "estacionamiento": 0, "niveles": 0, "amueblado": "no", "antiguedad": 0, "frente_m": 0, "fondo_m": 0, "uso_suelo": "Habitacional", "coordenadas": "21.177891438611113,-89.81195572379013", "orientacion": null, "elevacion_msnm": 6, "ciudad": "Ciudad Maderas", "estado": "Yucatán", "transaccion": "venta", "desarrollo": "CIUDAD MADERAS", "vendido": "no", "inmobiliaria": null, "noLote": 84, "nombrecomplejo": "CONDOMINIO MALVA" }, "geometry": { "type": "Polygon", "coordinates": [ [ [ -89.811795147953902, 21.17791943140654 ], [ -89.811979124614467, 21.177843434346975 ], [ -89.812006540041992, 21.177903218350849 ], [ -89.811819247852256, 21.177974649661003 ], [ -89.811795147953902, 21.17791943140654 ] ] ] } },
{ "type": "Feature", "properties": { "id": "MER_CAS_0008", "titulo": "Titulo de como describiria la casa o lote a vender", "precio": 9999999, "folder": "MER_CAS_0008", "preview": "preview.jpg", "status": "venta", "moneda": "MXN", "recamaras": 0, "banos": 0, "superficie_m2": 0, "tipo": "lote", "lat": "21.177907301017274", "lng": "-89.81174678998153", "slug": "lote-ciudad-maderas", "destacado": "si", "fecha": "2026-05-25", "descripcion": "Lote sobre desarrollo Ciudad Maderas, con amenidades premium", "fotos": "foto1.JPG,foto2.JPG,foto3.JPG,foto4.JPG,foto5.JPG", "estacionamiento": 0, "niveles": 0, "amueblado": "no", "antiguedad": 0, "frente_m": 0, "fondo_m": 0, "uso_suelo": "Habitacional", "coordenadas": "21.177907301017274,-89.81174678998153", "orientacion": null, "elevacion_msnm": 6, "ciudad": "Ciudad Maderas", "estado": "Yucatán", "transaccion": "venta", "desarrollo": "CIUDAD MADERAS", "vendido": "no", "inmobiliaria": null, "noLote": 85, "nombrecomplejo": "CONDOMINIO MALVA" }, "geometry": { "type": "Polygon", "coordinates": [ [ [ -89.811584367663542, 21.177933566146208 ], [ -89.811769012139891, 21.177859548414187 ], [ -89.811795147953902, 21.17791943140654 ], [ -89.811623774162783, 21.177990222474122 ], [ -89.811584367663542, 21.177933566146208 ] ] ] } },
{ "type": "Feature", "properties": { "id": "MER_CAS_0008", "titulo": "Titulo de como describiria la casa o lote a vender", "precio": 9999999, "folder": "MER_CAS_0008", "preview": "preview.jpg", "status": "venta", "moneda": "MXN", "recamaras": 0, "banos": 0, "superficie_m2": 0, "tipo": "lote", "lat": "21.177834069908975", "lng": "-89.81192787616243", "slug": "lote-ciudad-maderas", "destacado": "si", "fecha": "2026-05-25", "descripcion": "Lote sobre desarrollo Ciudad Maderas, con amenidades premium", "fotos": "foto1.JPG,foto2.JPG,foto3.JPG,foto4.JPG,foto5.JPG", "estacionamiento": 0, "niveles": 0, "amueblado": "no", "antiguedad": 0, "frente_m": 0, "fondo_m": 0, "uso_suelo": "Habitacional", "coordenadas": "21.177834069908975,-89.81192787616243", "orientacion": null, "elevacion_msnm": 6, "ciudad": "Ciudad Maderas", "estado": "Yucatán", "transaccion": "venta", "desarrollo": "CIUDAD MADERAS", "vendido": "no", "inmobiliaria": null, "noLote": 86, "nombrecomplejo": "CONDOMINIO MALVA" }, "geometry": { "type": "Polygon", "coordinates": [ [ [ -89.811769012139891, 21.177859548414187 ], [ -89.81195273996758, 21.177785898135653 ], [ -89.811979124614467, 21.177843434346975 ], [ -89.811795147953902, 21.17791943140654 ], [ -89.811769012139891, 21.177859548414187 ] ] ] } },
{ "type": "Feature", "properties": { "id": "MER_CAS_0008", "titulo": "Titulo de como describiria la casa o lote a vender", "precio": 9999999, "folder": "MER_CAS_0008", "preview": "preview.jpg", "status": "venta", "moneda": "MXN", "recamaras": 0, "banos": 0, "superficie_m2": 0, "tipo": "lote", "lat": "21.178133416841927", "lng": "-89.81209521343794", "slug": "lote-ciudad-maderas", "destacado": "si", "fecha": "2026-05-25", "descripcion": "Lote sobre desarrollo Ciudad Maderas, con amenidades premium", "fotos": "foto1.JPG,foto2.JPG,foto3.JPG,foto4.JPG,foto5.JPG", "estacionamiento": 0, "niveles": 0, "amueblado": "no", "antiguedad": 0, "frente_m": 0, "fondo_m": 0, "uso_suelo": "Habitacional", "coordenadas": "21.178133416841927,-89.81209521343794", "orientacion": null, "elevacion_msnm": 6, "ciudad": "Ciudad Maderas", "estado": "Yucatán", "transaccion": "venta", "desarrollo": "CIUDAD MADERAS", "vendido": "no", "inmobiliaria": null, "noLote": 87, "nombrecomplejo": "CONDOMINIO MALVA" }, "geometry": { "type": "Polygon", "coordinates": [ [ [ -89.812159813863914, 21.17810454791832 ], [ -89.812169699684375, 21.178181087098679 ], [ -89.811923542666591, 21.178213612394906 ], [ -89.811897637884584, 21.178154258778481 ], [ -89.812085253380104, 21.178074866175972 ], [ -89.81208572791185, 21.178075900973187 ], [ -89.812110192508669, 21.17810330107978 ], [ -89.812150150927309, 21.178105844522705 ], [ -89.812159813863914, 21.17810454791832 ] ] ] } },
{ "type": "Feature", "properties": { "id": "MER_CAS_0008", "titulo": "Titulo de como describiria la casa o lote a vender", "precio": 9999999, "folder": "MER_CAS_0008", "preview": "preview.jpg", "status": "venta", "moneda": "MXN", "recamaras": 0, "banos": 0, "superficie_m2": 0, "tipo": "lote", "lat": "21.17809301550557", "lng": "-89.81233469556413", "slug": "lote-ciudad-maderas", "destacado": "si", "fecha": "2026-05-25", "descripcion": "Lote sobre desarrollo Ciudad Maderas, con amenidades premium", "fotos": "foto1.JPG,foto2.JPG,foto3.JPG,foto4.JPG,foto5.JPG", "estacionamiento": 0, "niveles": 0, "amueblado": "no", "antiguedad": 0, "frente_m": 0, "fondo_m": 0, "uso_suelo": "Habitacional", "coordenadas": "21.17809301550557,-89.81233469556413", "orientacion": null, "elevacion_msnm": 6, "ciudad": "Ciudad Maderas", "estado": "Yucatán", "transaccion": "venta", "desarrollo": "CIUDAD MADERAS", "vendido": "no", "inmobiliaria": null, "noLote": 88, "nombrecomplejo": "CONDOMINIO MALVA" }, "geometry": { "type": "Polygon", "coordinates": [ [ [ -89.812220321971438, 21.178059163308802 ], [ -89.812353160146984, 21.178029366368488 ], [ -89.812404986922729, 21.178149998051556 ], [ -89.812169699684375, 21.178181087098679 ], [ -89.812159813863914, 21.17810454791832 ], [ -89.812186547931461, 21.178100960653847 ], [ -89.812210041506304, 21.178077040346384 ], [ -89.812220321971438, 21.178059163308802 ] ] ] } },
{ "type": "Feature", "properties": { "id": "MER_CAS_0008", "titulo": "Titulo de como describiria la casa o lote a vender", "precio": 9999999, "folder": "MER_CAS_0008", "preview": "preview.jpg", "status": "venta", "moneda": "MXN", "recamaras": 0, "banos": 0, "superficie_m2": 0, "tipo": "lote", "lat": "21.177939142113896", "lng": "-89.81230364621416", "slug": "lote-ciudad-maderas", "destacado": "si", "fecha": "2026-05-25", "descripcion": "Lote sobre desarrollo Ciudad Maderas, con amenidades premium", "fotos": "foto1.JPG,foto2.JPG,foto3.JPG,foto4.JPG,foto5.JPG", "estacionamiento": 0, "niveles": 0, "amueblado": "no", "antiguedad": 0, "frente_m": 0, "fondo_m": 0, "uso_suelo": "Habitacional", "coordenadas": "21.177939142113896,-89.81230364621416", "orientacion": null, "elevacion_msnm": 6, "ciudad": "Ciudad Maderas", "estado": "Yucatán", "transaccion": "venta", "desarrollo": "CIUDAD MADERAS", "vendido": "no", "inmobiliaria": null, "noLote": 89, "nombrecomplejo": "CONDOMINIO MALVA" }, "geometry": { "type": "Polygon", "coordinates": [ [ [ -89.81211269041151, 21.177922261007364 ], [ -89.81228028886818, 21.177859751630081 ], [ -89.812353160146984, 21.178029366368488 ], [ -89.812220321971438, 21.178059163308802 ], [ -89.812229912968149, 21.178042485210447 ], [ -89.812224483336038, 21.177996586585905 ], [ -89.812202359297999, 21.177972356072566 ], [ -89.812178076777585, 21.177954578553305 ], [ -89.812121997490451, 21.177943747343207 ], [ -89.81211269041151, 21.177922261007364 ] ] ] } },
{ "type": "Feature", "properties": { "id": "MER_CAS_0008", "titulo": "Titulo de como describiria la casa o lote a vender", "precio": 9999999, "folder": "MER_CAS_0008", "preview": "preview.jpg", "status": "venta", "moneda": "MXN", "recamaras": 0, "banos": 0, "superficie_m2": 0, "tipo": "lote", "lat": "21.177843183200252", "lng": "-89.81223942202386", "slug": "lote-ciudad-maderas", "destacado": "si", "fecha": "2026-05-25", "descripcion": "Lote sobre desarrollo Ciudad Maderas, con amenidades premium", "fotos": "foto1.JPG,foto2.JPG,foto3.JPG,foto4.JPG,foto5.JPG", "estacionamiento": 0, "niveles": 0, "amueblado": "no", "antiguedad": 0, "frente_m": 0, "fondo_m": 0, "uso_suelo": "Habitacional", "coordenadas": "21.177843183200252,-89.81223942202386", "orientacion": null, "elevacion_msnm": 6, "ciudad": "Ciudad Maderas", "estado": "Yucatán", "transaccion": "venta", "desarrollo": "CIUDAD MADERAS", "vendido": "no", "inmobiliaria": null, "noLote": 90, "nombrecomplejo": "CONDOMINIO MALVA" }, "geometry": { "type": "Polygon", "coordinates": [ [ [ -89.812088509977286, 21.177866438022129 ], [ -89.81225420868283, 21.177799047551776 ], [ -89.81228028886818, 21.177859751630081 ], [ -89.81211269041151, 21.177922261007364 ], [ -89.812088509977286, 21.177866438022129 ] ] ] } },
{ "type": "Feature", "properties": { "id": "MER_CAS_0008", "titulo": "Titulo de como describiria la casa o lote a vender", "precio": 9999999, "folder": "MER_CAS_0008", "preview": "preview.jpg", "status": "venta", "moneda": "MXN", "recamaras": 0, "banos": 0, "superficie_m2": 0, "tipo": "lote", "lat": "21.177787284962594", "lng": "-89.81221416186321", "slug": "lote-ciudad-maderas", "destacado": "si", "fecha": "2026-05-25", "descripcion": "Lote sobre desarrollo Ciudad Maderas, con amenidades premium", "fotos": "foto1.JPG,foto2.JPG,foto3.JPG,foto4.JPG,foto5.JPG", "estacionamiento": 0, "niveles": 0, "amueblado": "no", "antiguedad": 0, "frente_m": 0, "fondo_m": 0, "uso_suelo": "Habitacional", "coordenadas": "21.177787284962594,-89.81221416186321", "orientacion": null, "elevacion_msnm": 6, "ciudad": "Ciudad Maderas", "estado": "Yucatán", "transaccion": "venta", "desarrollo": "CIUDAD MADERAS", "vendido": "no", "inmobiliaria": null, "noLote": 91, "nombrecomplejo": "CONDOMINIO MALVA" }, "geometry": { "type": "Polygon", "coordinates": [ [ [ -89.812065144476989, 21.177812496394527 ], [ -89.812230730002838, 21.177744398721249 ], [ -89.81225420868283, 21.177799047551776 ], [ -89.812088509977286, 21.177866438022129 ], [ -89.812065144476989, 21.177812496394527 ] ] ] } },
{ "type": "Feature", "properties": { "id": "MER_CAS_0008", "titulo": "Titulo de como describiria la casa o lote a vender", "precio": 9999999, "folder": "MER_CAS_0008", "preview": "preview.jpg", "status": "venta", "moneda": "MXN", "recamaras": 0, "banos": 0, "superficie_m2": 0, "tipo": "lote", "lat": "21.17773359206964", "lng": "-89.81219033916732", "slug": "lote-ciudad-maderas", "destacado": "si", "fecha": "2026-05-25", "descripcion": "Lote sobre desarrollo Ciudad Maderas, con amenidades premium", "fotos": "foto1.JPG,foto2.JPG,foto3.JPG,foto4.JPG,foto5.JPG", "estacionamiento": 0, "niveles": 0, "amueblado": "no", "antiguedad": 0, "frente_m": 0, "fondo_m": 0, "uso_suelo": "Habitacional", "coordenadas": "21.17773359206964,-89.81219033916732", "orientacion": null, "elevacion_msnm": 6, "ciudad": "Ciudad Maderas", "estado": "Yucatán", "transaccion": "venta", "desarrollo": "CIUDAD MADERAS", "vendido": "no", "inmobiliaria": null, "noLote": 92, "nombrecomplejo": "CONDOMINIO MALVA" }, "geometry": { "type": "Polygon", "coordinates": [ [ [ -89.812041630137927, 21.177758211157553 ], [ -89.812208041713149, 21.177691589598311 ], [ -89.812230730002838, 21.177744398721249 ], [ -89.812065144476989, 21.177812496394527 ], [ -89.812041630137927, 21.177758211157553 ] ] ] } },
{ "type": "Feature", "properties": { "id": "MER_CAS_0008", "titulo": "Titulo de como describiria la casa o lote a vender", "precio": 9999999, "folder": "MER_CAS_0008", "preview": "preview.jpg", "status": "venta", "moneda": "MXN", "recamaras": 0, "banos": 0, "superficie_m2": 0, "tipo": "lote", "lat": "21.177676767753724", "lng": "-89.81216562080611", "slug": "lote-ciudad-maderas", "destacado": "si", "fecha": "2026-05-25", "descripcion": "Lote sobre desarrollo Ciudad Maderas, con amenidades premium", "fotos": "foto1.JPG,foto2.JPG,foto3.JPG,foto4.JPG,foto5.JPG", "estacionamiento": 0, "niveles": 0, "amueblado": "no", "antiguedad": 0, "frente_m": 0, "fondo_m": 0, "uso_suelo": "Habitacional", "coordenadas": "21.177676767753724,-89.81216562080611", "orientacion": null, "elevacion_msnm": 6, "ciudad": "Ciudad Maderas", "estado": "Yucatán", "transaccion": "venta", "desarrollo": "CIUDAD MADERAS", "vendido": "no", "inmobiliaria": null, "noLote": 93, "nombrecomplejo": "CONDOMINIO MALVA" }, "geometry": { "type": "Polygon", "coordinates": [ [ [ -89.812015020405624, 21.177696779891281 ], [ -89.812182685197044, 21.177632569928075 ], [ -89.812208041713149, 21.177691589598311 ], [ -89.812041630137927, 21.177758211157553 ], [ -89.812015020405624, 21.177696779891281 ] ] ] } },
{ "type": "Feature", "properties": { "id": "MER_CAS_0008", "titulo": "Titulo de como describiria la casa o lote a vender", "precio": 9999999, "folder": "MER_CAS_0008", "preview": "preview.jpg", "status": "venta", "moneda": "MXN", "recamaras": 0, "banos": 0, "superficie_m2": 0, "tipo": "lote", "lat": "21.17761661405176", "lng": "-89.81214072053447", "slug": "lote-ciudad-maderas", "destacado": "si", "fecha": "2026-05-25", "descripcion": "Lote sobre desarrollo Ciudad Maderas, con amenidades premium", "fotos": "foto1.JPG,foto2.JPG,foto3.JPG,foto4.JPG,foto5.JPG", "estacionamiento": 0, "niveles": 0, "amueblado": "no", "antiguedad": 0, "frente_m": 0, "fondo_m": 0, "uso_suelo": "Habitacional", "coordenadas": "21.17761661405176,-89.81214072053447", "orientacion": null, "elevacion_msnm": 6, "ciudad": "Ciudad Maderas", "estado": "Yucatán", "transaccion": "venta", "desarrollo": "CIUDAD MADERAS", "vendido": "no", "inmobiliaria": null, "noLote": 94, "nombrecomplejo": "CONDOMINIO MALVA" }, "geometry": { "type": "Polygon", "coordinates": [ [ [ -89.811989613516985, 21.177638125511617 ], [ -89.812156861511696, 21.177572462877567 ], [ -89.812182685197044, 21.177632569928075 ], [ -89.812015020405624, 21.177696779891281 ], [ -89.811989613516985, 21.177638125511617 ] ] ] } },
{ "type": "Feature", "properties": { "id": "MER_CAS_0008", "titulo": "Titulo de como describiria la casa o lote a vender", "precio": 9999999, "folder": "MER_CAS_0008", "preview": "preview.jpg", "status": "venta", "moneda": "MXN", "recamaras": 0, "banos": 0, "superficie_m2": 0, "tipo": "lote", "lat": "21.177558551243333", "lng": "-89.81211602843509", "slug": "lote-ciudad-maderas", "destacado": "si", "fecha": "2026-05-25", "descripcion": "Lote sobre desarrollo Ciudad Maderas, con amenidades premium", "fotos": "foto1.JPG,foto2.JPG,foto3.JPG,foto4.JPG,foto5.JPG", "estacionamiento": 0, "niveles": 0, "amueblado": "no", "antiguedad": 0, "frente_m": 0, "fondo_m": 0, "uso_suelo": "Habitacional", "coordenadas": "21.177558551243333,-89.81211602843509", "orientacion": null, "elevacion_msnm": 6, "ciudad": "Ciudad Maderas", "estado": "Yucatán", "transaccion": "venta", "desarrollo": "CIUDAD MADERAS", "vendido": "no", "inmobiliaria": null, "noLote": 95, "nombrecomplejo": "CONDOMINIO MALVA" }, "geometry": { "type": "Polygon", "coordinates": [ [ [ -89.81196570680315, 21.177582934437655 ], [ -89.812132028678931, 21.177514662129433 ], [ -89.812156861511696, 21.177572462877567 ], [ -89.811989613516985, 21.177638125511617 ], [ -89.81196570680315, 21.177582934437655 ] ] ] } },
{ "type": "Feature", "properties": { "id": "MER_CAS_0008", "titulo": "Titulo de como describiria la casa o lote a vender", "precio": 9999999, "folder": "MER_CAS_0008", "preview": "preview.jpg", "status": "venta", "moneda": "MXN", "recamaras": 0, "banos": 0, "superficie_m2": 0, "tipo": "lote", "lat": "21.177496251375644", "lng": "-89.81208731898018", "slug": "lote-ciudad-maderas", "destacado": "si", "fecha": "2026-05-25", "descripcion": "Lote sobre desarrollo Ciudad Maderas, con amenidades premium", "fotos": "foto1.JPG,foto2.JPG,foto3.JPG,foto4.JPG,foto5.JPG", "estacionamiento": 0, "niveles": 0, "amueblado": "no", "antiguedad": 0, "frente_m": 0, "fondo_m": 0, "uso_suelo": "Habitacional", "coordenadas": "21.177496251375644,-89.81208731898018", "orientacion": null, "elevacion_msnm": 6, "ciudad": "Ciudad Maderas", "estado": "Yucatán", "transaccion": "venta", "desarrollo": "CIUDAD MADERAS", "vendido": "no", "inmobiliaria": null, "noLote": 96, "nombrecomplejo": "CONDOMINIO MALVA" }, "geometry": { "type": "Polygon", "coordinates": [ [ [ -89.811933625099215, 21.177511701228774 ], [ -89.812103222142468, 21.177447612213097 ], [ -89.812132028678931, 21.177514662129433 ], [ -89.81196570680315, 21.177582934437655 ], [ -89.811934795163452, 21.177511571781793 ], [ -89.811933625099215, 21.177511701228774 ] ] ] } },
{ "type": "Feature", "properties": { "id": "MER_CAS_0008", "titulo": "Titulo de como describiria la casa o lote a vender", "precio": 9999999, "folder": "MER_CAS_0008", "preview": "preview.jpg", "status": "venta", "moneda": "MXN", "recamaras": 0, "banos": 0, "superficie_m2": 0, "tipo": "lote", "lat": "21.177443614620593", "lng": "-89.8120073370472", "slug": "lote-ciudad-maderas", "destacado": "si", "fecha": "2026-05-25", "descripcion": "Lote sobre desarrollo Ciudad Maderas, con amenidades premium", "fotos": "foto1.JPG,foto2.JPG,foto3.JPG,foto4.JPG,foto5.JPG", "estacionamiento": 0, "niveles": 0, "amueblado": "no", "antiguedad": 0, "frente_m": 0, "fondo_m": 0, "uso_suelo": "Habitacional", "coordenadas": "21.177443614620593,-89.8120073370472", "orientacion": null, "elevacion_msnm": 6, "ciudad": "Ciudad Maderas", "estado": "Yucatán", "transaccion": "venta", "desarrollo": "CIUDAD MADERAS", "vendido": "no", "inmobiliaria": null, "noLote": 97, "nombrecomplejo": "CONDOMINIO MALVA" }, "geometry": { "type": "Polygon", "coordinates": [ [ [ -89.811852197132325, 21.177545566561591 ], [ -89.811840031705088, 21.177432949401872 ], [ -89.812084713594913, 21.177404531832156 ], [ -89.812103222142468, 21.177447612213097 ], [ -89.811933625099215, 21.177511701228774 ], [ -89.811929105623179, 21.177512201229089 ], [ -89.811852197132325, 21.177545566561591 ] ] ] } },
{ "type": "Feature", "properties": { "id": "MER_CAS_0008", "titulo": "Titulo de como describiria la casa o lote a vender", "precio": 9999999, "folder": "MER_CAS_0008", "preview": "preview.jpg", "status": "venta", "moneda": "MXN", "recamaras": 0, "banos": 0, "superficie_m2": 0, "tipo": "lote", "lat": "21.177528381145947", "lng": "-89.81185869998437", "slug": "lote-ciudad-maderas", "destacado": "si", "fecha": "2026-05-25", "descripcion": "Lote sobre desarrollo Ciudad Maderas, con amenidades premium", "fotos": "foto1.JPG,foto2.JPG,foto3.JPG,foto4.JPG,foto5.JPG", "estacionamiento": 0, "niveles": 0, "amueblado": "no", "antiguedad": 0, "frente_m": 0, "fondo_m": 0, "uso_suelo": "Habitacional", "coordenadas": "21.177528381145947,-89.81185869998437", "orientacion": null, "elevacion_msnm": 6, "ciudad": "Ciudad Maderas", "estado": "Yucatán", "transaccion": "venta", "desarrollo": "CIUDAD MADERAS", "vendido": "si", "inmobiliaria": null, "noLote": 98, "nombrecomplejo": "CONDOMINIO MALVA" }, "geometry": { "type": "Polygon", "coordinates": [ [ [ -89.811760047267853, 21.177647702176873 ], [ -89.811737509693103, 21.177444856291292 ], [ -89.811840031705088, 21.177432949401872 ], [ -89.811852197132325, 21.177545566561591 ], [ -89.81188278927236, 21.1776105650322 ], [ -89.81186303913222, 21.17765153518323 ], [ -89.811834459925805, 21.177647732769159 ], [ -89.811760047267853, 21.177647702176873 ] ] ] } },
{ "type": "Feature", "properties": { "id": "MER_CAS_0008", "titulo": "Titulo de como describiria la casa o lote a vender", "precio": 9999999, "folder": "MER_CAS_0008", "preview": "preview.jpg", "status": "venta", "moneda": "MXN", "recamaras": 0, "banos": 0, "superficie_m2": 0, "tipo": "lote", "lat": "21.17752843772778", "lng": "-89.81177107152169", "slug": "lote-ciudad-maderas", "destacado": "si", "fecha": "2026-05-25", "descripcion": "Lote sobre desarrollo Ciudad Maderas, con amenidades premium", "fotos": "foto1.JPG,foto2.JPG,foto3.JPG,foto4.JPG,foto5.JPG", "estacionamiento": 0, "niveles": 0, "amueblado": "no", "antiguedad": 0, "frente_m": 0, "fondo_m": 0, "uso_suelo": "Habitacional", "coordenadas": "21.17752843772778,-89.81177107152169", "orientacion": null, "elevacion_msnm": 6, "ciudad": "Ciudad Maderas", "estado": "Yucatán", "transaccion": "venta", "desarrollo": "CIUDAD MADERAS", "vendido": "si", "inmobiliaria": null, "noLote": 99, "nombrecomplejo": "CONDOMINIO MALVA" }, "geometry": { "type": "Polygon", "coordinates": [ [ [ -89.811698381859756, 21.177647676825195 ], [ -89.811670903772608, 21.177452591857904 ], [ -89.811737509693103, 21.177444856291292 ], [ -89.811760047267853, 21.177647702176873 ], [ -89.811698381859756, 21.177647676825195 ] ] ] } },
{ "type": "Feature", "properties": { "id": "MER_CAS_0008", "titulo": "Titulo de como describiria la casa o lote a vender", "precio": 9999999, "folder": "MER_CAS_0008", "preview": "preview.jpg", "status": "venta", "moneda": "MXN", "recamaras": 0, "banos": 0, "superficie_m2": 0, "tipo": "lote", "lat": "21.177535666544088", "lng": "-89.81170617238416", "slug": "lote-ciudad-maderas", "destacado": "si", "fecha": "2026-05-25", "descripcion": "Lote sobre desarrollo Ciudad Maderas, con amenidades premium", "fotos": "foto1.JPG,foto2.JPG,foto3.JPG,foto4.JPG,foto5.JPG", "estacionamiento": 0, "niveles": 0, "amueblado": "no", "antiguedad": 0, "frente_m": 0, "fondo_m": 0, "uso_suelo": "Habitacional", "coordenadas": "21.177535666544088,-89.81170617238416", "orientacion": null, "elevacion_msnm": 6, "ciudad": "Ciudad Maderas", "estado": "Yucatán", "transaccion": "venta", "desarrollo": "CIUDAD MADERAS", "vendido": "si", "inmobiliaria": null, "noLote": 100, "nombrecomplejo": "CONDOMINIO MALVA" }, "geometry": { "type": "Polygon", "coordinates": [ [ [ -89.811627645543865, 21.177649169277082 ], [ -89.811608784052865, 21.177459806376106 ], [ -89.811670903772608, 21.177452591857904 ], [ -89.811698381859756, 21.177647676825195 ], [ -89.811646310462407, 21.177647655417772 ], [ -89.811627645543865, 21.177649169277082 ] ] ] } },
{ "type": "Feature", "properties": { "id": "MER_CAS_0008", "titulo": "Titulo de como describiria la casa o lote a vender", "precio": 9999999, "folder": "MER_CAS_0008", "preview": "preview.jpg", "status": "venta", "moneda": "MXN", "recamaras": 0, "banos": 0, "superficie_m2": 0, "tipo": "lote", "lat": "21.17754030139509", "lng": "-89.8116374885251", "slug": "lote-ciudad-maderas", "destacado": "si", "fecha": "2026-05-25", "descripcion": "Lote sobre desarrollo Ciudad Maderas, con amenidades premium", "fotos": "foto1.JPG,foto2.JPG,foto3.JPG,foto4.JPG,foto5.JPG", "estacionamiento": 0, "niveles": 0, "amueblado": "no", "antiguedad": 0, "frente_m": 0, "fondo_m": 0, "uso_suelo": "Habitacional", "coordenadas": "21.17754030139509,-89.8116374885251", "orientacion": null, "elevacion_msnm": 6, "ciudad": "Ciudad Maderas", "estado": "Yucatán", "transaccion": "venta", "desarrollo": "CIUDAD MADERAS", "vendido": "si", "inmobiliaria": null, "noLote": 101, "nombrecomplejo": "CONDOMINIO MALVA" }, "geometry": { "type": "Polygon", "coordinates": [ [ [ -89.811555763904906, 21.177654999395664 ], [ -89.811539823272028, 21.177467815380659 ], [ -89.811608784052865, 21.177459806376106 ], [ -89.811627645543865, 21.177649169277082 ], [ -89.811555763904906, 21.177654999395664 ] ] ] } },
{ "type": "Feature", "properties": { "id": "MER_CAS_0008", "titulo": "Titulo de como describiria la casa o lote a vender", "precio": 9999999, "folder": "MER_CAS_0008", "preview": "preview.jpg", "status": "venta", "moneda": "MXN", "recamaras": 0, "banos": 0, "superficie_m2": 0, "tipo": "lote", "lat": "21.177545962020673", "lng": "-89.81156819507048", "slug": "lote-ciudad-maderas", "destacado": "si", "fecha": "2026-05-25", "descripcion": "Lote sobre desarrollo Ciudad Maderas, con amenidades premium", "fotos": "foto1.JPG,foto2.JPG,foto3.JPG,foto4.JPG,foto5.JPG", "estacionamiento": 0, "niveles": 0, "amueblado": "no", "antiguedad": 0, "frente_m": 0, "fondo_m": 0, "uso_suelo": "Habitacional", "coordenadas": "21.177545962020673,-89.81156819507048", "orientacion": null, "elevacion_msnm": 6, "ciudad": "Ciudad Maderas", "estado": "Yucatán", "transaccion": "venta", "desarrollo": "CIUDAD MADERAS", "vendido": "no", "inmobiliaria": null, "noLote": 102, "nombrecomplejo": "CONDOMINIO MALVA" }, "geometry": { "type": "Polygon", "coordinates": [ [ [ -89.811488938875797, 21.177660419386772 ], [ -89.811470761558482, 21.177475836078699 ], [ -89.811539823272028, 21.177467815380659 ], [ -89.811555763904906, 21.177654999395664 ], [ -89.811488938875797, 21.177660419386772 ] ] ] } },
{ "type": "Feature", "properties": { "id": "MER_CAS_0008", "titulo": "Titulo de como describiria la casa o lote a vender", "precio": 9999999, "folder": "MER_CAS_0008", "preview": "preview.jpg", "status": "venta", "moneda": "MXN", "recamaras": 0, "banos": 0, "superficie_m2": 0, "tipo": "lote", "lat": "21.1775533055039", "lng": "-89.81150314233626", "slug": "lote-ciudad-maderas", "destacado": "si", "fecha": "2026-05-25", "descripcion": "Lote sobre desarrollo Ciudad Maderas, con amenidades premium", "fotos": "foto1.JPG,foto2.JPG,foto3.JPG,foto4.JPG,foto5.JPG", "estacionamiento": 0, "niveles": 0, "amueblado": "no", "antiguedad": 0, "frente_m": 0, "fondo_m": 0, "uso_suelo": "Habitacional", "coordenadas": "21.1775533055039,-89.81150314233626", "orientacion": null, "elevacion_msnm": 6, "ciudad": "Ciudad Maderas", "estado": "Yucatán", "transaccion": "venta", "desarrollo": "CIUDAD MADERAS", "vendido": "no", "inmobiliaria": null, "noLote": 103, "nombrecomplejo": "CONDOMINIO MALVA" }, "geometry": { "type": "Polygon", "coordinates": [ [ [ -89.811425797444798, 21.177665540611546 ], [ -89.811409280981309, 21.177482976293593 ], [ -89.811470761558482, 21.177475836078699 ], [ -89.811488938875797, 21.177660419386772 ], [ -89.811425797444798, 21.177665540611546 ] ] ] } },
{ "type": "Feature", "properties": { "id": "MER_CAS_0008", "titulo": "Titulo de como describiria la casa o lote a vender", "precio": 9999999, "folder": "MER_CAS_0008", "preview": "preview.jpg", "status": "venta", "moneda": "MXN", "recamaras": 0, "banos": 0, "superficie_m2": 0, "tipo": "lote", "lat": "21.177561368242355", "lng": "-89.81143856792286", "slug": "lote-ciudad-maderas", "destacado": "si", "fecha": "2026-05-25", "descripcion": "Lote sobre desarrollo Ciudad Maderas, con amenidades premium", "fotos": "foto1.JPG,foto2.JPG,foto3.JPG,foto4.JPG,foto5.JPG", "estacionamiento": 0, "niveles": 0, "amueblado": "no", "antiguedad": 0, "frente_m": 0, "fondo_m": 0, "uso_suelo": "Habitacional", "coordenadas": "21.177561368242355,-89.81143856792286", "orientacion": null, "elevacion_msnm": 6, "ciudad": "Ciudad Maderas", "estado": "Yucatán", "transaccion": "venta", "desarrollo": "CIUDAD MADERAS", "vendido": "no", "inmobiliaria": null, "noLote": 104, "nombrecomplejo": "CONDOMINIO MALVA" }, "geometry": { "type": "Polygon", "coordinates": [ [ [ -89.811358924589626, 21.177679005368397 ], [ -89.811343619350041, 21.177490602061511 ], [ -89.811409280981309, 21.177482976293593 ], [ -89.811425797444798, 21.177665540611546 ], [ -89.811414047417742, 21.177666493623359 ], [ -89.811358924589626, 21.177679005368397 ] ] ] } },
{ "type": "Feature", "properties": { "id": "MER_CAS_0008", "titulo": "Titulo de como describiria la casa o lote a vender", "precio": 9999999, "folder": "MER_CAS_0008", "preview": "preview.jpg", "status": "venta", "moneda": "MXN", "recamaras": 0, "banos": 0, "superficie_m2": 0, "tipo": "lote", "lat": "21.17757063785407", "lng": "-89.81137102882073", "slug": "lote-ciudad-maderas", "destacado": "si", "fecha": "2026-05-25", "descripcion": "Lote sobre desarrollo Ciudad Maderas, con amenidades premium", "fotos": "foto1.JPG,foto2.JPG,foto3.JPG,foto4.JPG,foto5.JPG", "estacionamiento": 0, "niveles": 0, "amueblado": "no", "antiguedad": 0, "frente_m": 0, "fondo_m": 0, "uso_suelo": "Habitacional", "coordenadas": "21.17757063785407,-89.81137102882073", "orientacion": null, "elevacion_msnm": 6, "ciudad": "Ciudad Maderas", "estado": "Yucatán", "transaccion": "venta", "desarrollo": "CIUDAD MADERAS", "vendido": "no", "inmobiliaria": null, "noLote": 105, "nombrecomplejo": "CONDOMINIO MALVA" }, "geometry": { "type": "Polygon", "coordinates": [ [ [ -89.811294589861859, 21.17769366168379 ], [ -89.811271157501722, 21.177499017558496 ], [ -89.811343619350041, 21.177490602061511 ], [ -89.811358924589626, 21.177679005368397 ], [ -89.811297099494666, 21.177693038389766 ], [ -89.811294589861859, 21.17769366168379 ] ] ] } },
{ "type": "Feature", "properties": { "id": "MER_CAS_0008", "titulo": "Titulo de como describiria la casa o lote a vender", "precio": 9999999, "folder": "MER_CAS_0008", "preview": "preview.jpg", "status": "venta", "moneda": "MXN", "recamaras": 0, "banos": 0, "superficie_m2": 0, "tipo": "lote", "lat": "21.177583667251767", "lng": "-89.81130541479152", "slug": "lote-ciudad-maderas", "destacado": "si", "fecha": "2026-05-25", "descripcion": "Lote sobre desarrollo Ciudad Maderas, con amenidades premium", "fotos": "foto1.JPG,foto2.JPG,foto3.JPG,foto4.JPG,foto5.JPG", "estacionamiento": 0, "niveles": 0, "amueblado": "no", "antiguedad": 0, "frente_m": 0, "fondo_m": 0, "uso_suelo": "Habitacional", "coordenadas": "21.177583667251767,-89.81130541479152", "orientacion": null, "elevacion_msnm": 6, "ciudad": "Ciudad Maderas", "estado": "Yucatán", "transaccion": "venta", "desarrollo": "CIUDAD MADERAS", "vendido": "no", "inmobiliaria": null, "noLote": 106, "nombrecomplejo": "CONDOMINIO MALVA" }, "geometry": { "type": "Polygon", "coordinates": [ [ [ -89.811232323433117, 21.177709126214264 ], [ -89.811207139433478, 21.177506452394422 ], [ -89.811271157501722, 21.177499017558496 ], [ -89.811294589861859, 21.17769366168379 ], [ -89.811232323433117, 21.177709126214264 ] ] ] } },
{ "type": "Feature", "properties": { "id": "MER_CAS_0008", "titulo": "Titulo de como describiria la casa o lote a vender", "precio": 9999999, "folder": "MER_CAS_0008", "preview": "preview.jpg", "status": "venta", "moneda": "MXN", "recamaras": 0, "banos": 0, "superficie_m2": 0, "tipo": "lote", "lat": "21.17759607085202", "lng": "-89.81124030180885", "slug": "lote-ciudad-maderas", "destacado": "si", "fecha": "2026-05-25", "descripcion": "Lote sobre desarrollo Ciudad Maderas, con amenidades premium", "fotos": "foto1.JPG,foto2.JPG,foto3.JPG,foto4.JPG,foto5.JPG", "estacionamiento": 0, "niveles": 0, "amueblado": "no", "antiguedad": 0, "frente_m": 0, "fondo_m": 0, "uso_suelo": "Habitacional", "coordenadas": "21.17759607085202,-89.81124030180885", "orientacion": null, "elevacion_msnm": 6, "ciudad": "Ciudad Maderas", "estado": "Yucatán", "transaccion": "venta", "desarrollo": "CIUDAD MADERAS", "vendido": "no", "inmobiliaria": null, "noLote": 107, "nombrecomplejo": "CONDOMINIO MALVA" }, "geometry": { "type": "Polygon", "coordinates": [ [ [ -89.811164985924634, 21.177725850201377 ], [ -89.811140117729792, 21.177514236035694 ], [ -89.811207139433478, 21.177506452394422 ], [ -89.811232323433117, 21.177709126214264 ], [ -89.811164985924634, 21.177725850201377 ] ] ] } },
{ "type": "Feature", "properties": { "id": "MER_CAS_0008", "titulo": "Titulo de como describiria la casa o lote a vender", "precio": 9999999, "folder": "MER_CAS_0008", "preview": "preview.jpg", "status": "venta", "moneda": "MXN", "recamaras": 0, "banos": 0, "superficie_m2": 0, "tipo": "lote", "lat": "21.177606432595574", "lng": "-89.81117393728266", "slug": "lote-ciudad-maderas", "destacado": "si", "fecha": "2026-05-25", "descripcion": "Lote sobre desarrollo Ciudad Maderas, con amenidades premium", "fotos": "foto1.JPG,foto2.JPG,foto3.JPG,foto4.JPG,foto5.JPG", "estacionamiento": 0, "niveles": 0, "amueblado": "no", "antiguedad": 0, "frente_m": 0, "fondo_m": 0, "uso_suelo": "Habitacional", "coordenadas": "21.177606432595574,-89.81117393728266", "orientacion": null, "elevacion_msnm": 6, "ciudad": "Ciudad Maderas", "estado": "Yucatán", "transaccion": "venta", "desarrollo": "CIUDAD MADERAS", "vendido": "no", "inmobiliaria": null, "noLote": 108, "nombrecomplejo": "CONDOMINIO MALVA" }, "geometry": { "type": "Polygon", "coordinates": [ [ [ -89.811101389822738, 21.177739420719856 ], [ -89.811072831696649, 21.177522050347964 ], [ -89.811140117729792, 21.177514236035694 ], [ -89.811164985924634, 21.177725850201377 ], [ -89.811158634345205, 21.177727427683749 ], [ -89.811101389822738, 21.177739420719856 ] ] ] } },
{ "type": "Feature", "properties": { "id": "MER_CAS_0008", "titulo": "Titulo de como describiria la casa o lote a vender", "precio": 9999999, "folder": "MER_CAS_0008", "preview": "preview.jpg", "status": "venta", "moneda": "MXN", "recamaras": 0, "banos": 0, "superficie_m2": 0, "tipo": "lote", "lat": "21.177617315562113", "lng": "-89.81110591020264", "slug": "lote-ciudad-maderas", "destacado": "si", "fecha": "2026-05-25", "descripcion": "Lote sobre desarrollo Ciudad Maderas, con amenidades premium", "fotos": "foto1.JPG,foto2.JPG,foto3.JPG,foto4.JPG,foto5.JPG", "estacionamiento": 0, "niveles": 0, "amueblado": "no", "antiguedad": 0, "frente_m": 0, "fondo_m": 0, "uso_suelo": "Habitacional", "coordenadas": "21.177617315562113,-89.81110591020264", "orientacion": null, "elevacion_msnm": 6, "ciudad": "Ciudad Maderas", "estado": "Yucatán", "transaccion": "venta", "desarrollo": "CIUDAD MADERAS", "vendido": "no", "inmobiliaria": null, "noLote": 109, "nombrecomplejo": "CONDOMINIO MALVA" }, "geometry": { "type": "Polygon", "coordinates": [ [ [ -89.811029492370807, 21.177745408864563 ], [ -89.811001628923563, 21.177530319503976 ], [ -89.811072831696649, 21.177522050347964 ], [ -89.811101389822738, 21.177739420719856 ], [ -89.811064363648981, 21.177747177902891 ], [ -89.811029492370807, 21.177745408864563 ] ] ] } },
{ "type": "Feature", "properties": { "id": "MER_CAS_0008", "titulo": "Titulo de como describiria la casa o lote a vender", "precio": 9999999, "folder": "MER_CAS_0008", "preview": "preview.jpg", "status": "venta", "moneda": "MXN", "recamaras": 0, "banos": 0, "superficie_m2": 0, "tipo": "lote", "lat": "21.177621037658703", "lng": "-89.81103715371889", "slug": "lote-ciudad-maderas", "destacado": "si", "fecha": "2026-05-25", "descripcion": "Lote sobre desarrollo Ciudad Maderas, con amenidades premium", "fotos": "foto1.JPG,foto2.JPG,foto3.JPG,foto4.JPG,foto5.JPG", "estacionamiento": 0, "niveles": 0, "amueblado": "no", "antiguedad": 0, "frente_m": 0, "fondo_m": 0, "uso_suelo": "Habitacional", "coordenadas": "21.177621037658703,-89.81103715371889", "orientacion": null, "elevacion_msnm": 6, "ciudad": "Ciudad Maderas", "estado": "Yucatán", "transaccion": "venta", "desarrollo": "CIUDAD MADERAS", "vendido": "no", "inmobiliaria": null, "noLote": 110, "nombrecomplejo": "CONDOMINIO MALVA" }, "geometry": { "type": "Polygon", "coordinates": [ [ [ -89.810961843347243, 21.177741976993925 ], [ -89.810936880333387, 21.177537839074951 ], [ -89.811001628923563, 21.177530319503976 ], [ -89.811029492370807, 21.177745408864563 ], [ -89.810961843347243, 21.177741976993925 ] ] ] } },
{ "type": "Feature", "properties": { "id": "MER_CAS_0008", "titulo": "Titulo de como describiria la casa o lote a vender", "precio": 9999999, "folder": "MER_CAS_0008", "preview": "preview.jpg", "status": "venta", "moneda": "MXN", "recamaras": 0, "banos": 0, "superficie_m2": 0, "tipo": "lote", "lat": "21.177621219469863", "lng": "-89.81097268029494", "slug": "lote-ciudad-maderas", "destacado": "si", "fecha": "2026-05-25", "descripcion": "Lote sobre desarrollo Ciudad Maderas, con amenidades premium", "fotos": "foto1.JPG,foto2.JPG,foto3.JPG,foto4.JPG,foto5.JPG", "estacionamiento": 0, "niveles": 0, "amueblado": "no", "antiguedad": 0, "frente_m": 0, "fondo_m": 0, "uso_suelo": "Habitacional", "coordenadas": "21.177621219469863,-89.81097268029494", "orientacion": null, "elevacion_msnm": 6, "ciudad": "Ciudad Maderas", "estado": "Yucatán", "transaccion": "venta", "desarrollo": "CIUDAD MADERAS", "vendido": "no", "inmobiliaria": null, "noLote": 111, "nombrecomplejo": "CONDOMINIO MALVA" }, "geometry": { "type": "Polygon", "coordinates": [ [ [ -89.810901860939467, 21.177738934054751 ], [ -89.81087249697471, 21.177545316204789 ], [ -89.810936880333387, 21.177537839074951 ], [ -89.810961843347243, 21.177741976993925 ], [ -89.810901860939467, 21.177738934054751 ] ] ] } },
{ "type": "Feature", "properties": { "id": "MER_CAS_0008", "titulo": "Titulo de como describiria la casa o lote a vender", "precio": 9999999, "folder": "MER_CAS_0008", "preview": "preview.jpg", "status": "venta", "moneda": "MXN", "recamaras": 0, "banos": 0, "superficie_m2": 0, "tipo": "lote", "lat": "21.177626804262744", "lng": "-89.81090591509928", "slug": "lote-ciudad-maderas", "destacado": "si", "fecha": "2026-05-25", "descripcion": "Lote sobre desarrollo Ciudad Maderas, con amenidades premium", "fotos": "foto1.JPG,foto2.JPG,foto3.JPG,foto4.JPG,foto5.JPG", "estacionamiento": 0, "niveles": 0, "amueblado": "no", "antiguedad": 0, "frente_m": 0, "fondo_m": 0, "uso_suelo": "Habitacional", "coordenadas": "21.177626804262744,-89.81090591509928", "orientacion": null, "elevacion_msnm": 6, "ciudad": "Ciudad Maderas", "estado": "Yucatán", "transaccion": "venta", "desarrollo": "CIUDAD MADERAS", "vendido": "no", "inmobiliaria": null, "noLote": 112, "nombrecomplejo": "CONDOMINIO MALVA" }, "geometry": { "type": "Polygon", "coordinates": [ [ [ -89.810829079203558, 21.177742087663709 ], [ -89.810802207271792, 21.177553479236533 ], [ -89.81087249697471, 21.177545316204789 ], [ -89.810901860939467, 21.177738934054751 ], [ -89.810889731393303, 21.177738318716479 ], [ -89.810829079203558, 21.177742087663709 ] ] ] } },
{ "type": "Feature", "properties": { "id": "MER_CAS_0008", "titulo": "Titulo de como describiria la casa o lote a vender", "precio": 9999999, "folder": "MER_CAS_0008", "preview": "preview.jpg", "status": "venta", "moneda": "MXN", "recamaras": 0, "banos": 0, "superficie_m2": 0, "tipo": "lote", "lat": "21.177631765091373", "lng": "-89.81083793411115", "slug": "lote-ciudad-maderas", "destacado": "si", "fecha": "2026-05-25", "descripcion": "Lote sobre desarrollo Ciudad Maderas, con amenidades premium", "fotos": "foto1.JPG,foto2.JPG,foto3.JPG,foto4.JPG,foto5.JPG", "estacionamiento": 0, "niveles": 0, "amueblado": "no", "antiguedad": 0, "frente_m": 0, "fondo_m": 0, "uso_suelo": "Habitacional", "coordenadas": "21.177631765091373,-89.81083793411115", "orientacion": null, "elevacion_msnm": 6, "ciudad": "Ciudad Maderas", "estado": "Yucatán", "transaccion": "venta", "desarrollo": "CIUDAD MADERAS", "vendido": "no", "inmobiliaria": null, "noLote": 113, "nombrecomplejo": "CONDOMINIO MALVA" }, "geometry": { "type": "Polygon", "coordinates": [ [ [ -89.81076602138036, 21.177746006097802 ], [ -89.810737011711936, 21.177561050637927 ], [ -89.810802207271792, 21.177553479236533 ], [ -89.810829079203558, 21.177742087663709 ], [ -89.81076602138036, 21.177746006097802 ] ] ] } },
{ "type": "Feature", "properties": { "id": "MER_CAS_0008", "titulo": "Titulo de como describiria la casa o lote a vender", "precio": 9999999, "folder": "MER_CAS_0008", "preview": "preview.jpg", "status": "venta", "moneda": "MXN", "recamaras": 0, "banos": 0, "superficie_m2": 0, "tipo": "lote", "lat": "21.17764207006922", "lng": "-89.81077125721067", "slug": "lote-ciudad-maderas", "destacado": "si", "fecha": "2026-05-25", "descripcion": "Lote sobre desarrollo Ciudad Maderas, con amenidades premium", "fotos": "foto1.JPG,foto2.JPG,foto3.JPG,foto4.JPG,foto5.JPG", "estacionamiento": 0, "niveles": 0, "amueblado": "no", "antiguedad": 0, "frente_m": 0, "fondo_m": 0, "uso_suelo": "Habitacional", "coordenadas": "21.17764207006922,-89.81077125721067", "orientacion": null, "elevacion_msnm": 6, "ciudad": "Ciudad Maderas", "estado": "Yucatán", "transaccion": "venta", "desarrollo": "CIUDAD MADERAS", "vendido": "no", "inmobiliaria": null, "noLote": 114, "nombrecomplejo": "CONDOMINIO MALVA" }, "geometry": { "type": "Polygon", "coordinates": [ [ [ -89.810694717899949, 21.177761145333555 ], [ -89.810670172556371, 21.177568812889604 ], [ -89.810737011711936, 21.177561050637927 ], [ -89.81076602138036, 21.177746006097802 ], [ -89.810760460132258, 21.177746351675609 ], [ -89.810694717899949, 21.177761145333555 ] ] ] } },
{ "type": "Feature", "properties": { "id": "MER_CAS_0008", "titulo": "Titulo de como describiria la casa o lote a vender", "precio": 9999999, "folder": "MER_CAS_0008", "preview": "preview.jpg", "status": "venta", "moneda": "MXN", "recamaras": 0, "banos": 0, "superficie_m2": 0, "tipo": "lote", "lat": "21.177653696077037", "lng": "-89.81070808182938", "slug": "lote-ciudad-maderas", "destacado": "si", "fecha": "2026-05-25", "descripcion": "Lote sobre desarrollo Ciudad Maderas, con amenidades premium", "fotos": "foto1.JPG,foto2.JPG,foto3.JPG,foto4.JPG,foto5.JPG", "estacionamiento": 0, "niveles": 0, "amueblado": "no", "antiguedad": 0, "frente_m": 0, "fondo_m": 0, "uso_suelo": "Habitacional", "coordenadas": "21.177653696077037,-89.81070808182938", "orientacion": null, "elevacion_msnm": 6, "ciudad": "Ciudad Maderas", "estado": "Yucatán", "transaccion": "venta", "desarrollo": "CIUDAD MADERAS", "vendido": "no", "inmobiliaria": null, "noLote": 115, "nombrecomplejo": "CONDOMINIO MALVA" }, "geometry": { "type": "Polygon", "coordinates": [ [ [ -89.810634083798732, 21.177774789533366 ], [ -89.810615693927289, 21.177575139652657 ], [ -89.810670172556371, 21.177568812889604 ], [ -89.810694717899949, 21.177761145333555 ], [ -89.810634083798732, 21.177774789533366 ] ] ] } },
{ "type": "Feature", "properties": { "id": "MER_CAS_0008", "titulo": "Titulo de como describiria la casa o lote a vender", "precio": 9999999, "folder": "MER_CAS_0008", "preview": "preview.jpg", "status": "venta", "moneda": "MXN", "recamaras": 0, "banos": 0, "superficie_m2": 0, "tipo": "lote", "lat": "21.177667751580866", "lng": "-89.8106361759039", "slug": "lote-ciudad-maderas", "destacado": "si", "fecha": "2026-05-25", "descripcion": "Lote sobre desarrollo Ciudad Maderas, con amenidades premium", "fotos": "foto1.JPG,foto2.JPG,foto3.JPG,foto4.JPG,foto5.JPG", "estacionamiento": 0, "niveles": 0, "amueblado": "no", "antiguedad": 0, "frente_m": 0, "fondo_m": 0, "uso_suelo": "Habitacional", "coordenadas": "21.177667751580866,-89.8106361759039", "orientacion": null, "elevacion_msnm": 6, "ciudad": "Ciudad Maderas", "estado": "Yucatán", "transaccion": "venta", "desarrollo": "CIUDAD MADERAS", "vendido": "no", "inmobiliaria": null, "noLote": 116, "nombrecomplejo": "CONDOMINIO MALVA" }, "geometry": { "type": "Polygon", "coordinates": [ [ [ -89.810553881254521, 21.177812002880486 ], [ -89.810527867788466, 21.177585339122238 ], [ -89.810615693927289, 21.177575139652657 ], [ -89.810634083798732, 21.177774789533366 ], [ -89.81063215306996, 21.177775223995962 ], [ -89.810553881254521, 21.177812002880486 ] ] ] } },
{ "type": "Feature", "properties": { "id": "MER_CAS_0008", "titulo": "Titulo de como describiria la casa o lote a vender", "precio": 9999999, "folder": "MER_CAS_0008", "preview": "preview.jpg", "status": "venta", "moneda": "MXN", "recamaras": 0, "banos": 0, "superficie_m2": 0, "tipo": "lote", "lat": "21.17710648895765", "lng": "-89.8105539959581", "slug": "lote-ciudad-maderas", "destacado": "si", "fecha": "2026-05-24", "descripcion": "Lote sobre desarrollo Ciudad Maderas, con amenidades premium", "fotos": "foto1.JPG,foto2.JPG,foto3.JPG,foto4.JPG,foto5.JPG", "estacionamiento": 0, "niveles": 0, "amueblado": "no", "antiguedad": 0, "frente_m": 0, "fondo_m": 0, "uso_suelo": "Habitacional", "coordenadas": "21.17710648895765,-89.8105539959581", "orientacion": null, "elevacion_msnm": 6, "ciudad": "Ciudad Maderas", "estado": "Yucatán", "transaccion": "venta", "desarrollo": "CIUDAD MADERAS", "vendido": "no", "inmobiliaria": null, "noLote": 3, "nombrecomplejo": "CONDOMINIO DURANTA" }, "geometry": { "type": "Polygon", "coordinates": [ [ [ -89.810604789223248, 21.177138107832729 ], [ -89.810424465600349, 21.177203208245214 ], [ -89.810393436761345, 21.177136511122715 ], [ -89.810534588230354, 21.177040353706385 ], [ -89.810568640682817, 21.177062247028953 ], [ -89.810604789223248, 21.177138107832729 ] ] ] } },
{ "type": "Feature", "properties": { "id": "MER_CAS_0008", "titulo": "Titulo de como describiria la casa o lote a vender", "precio": 9999999, "folder": "MER_CAS_0008", "preview": "preview.jpg", "status": "venta", "moneda": "MXN", "recamaras": 0, "banos": 0, "superficie_m2": 0, "tipo": "lote", "lat": "21.177224214315046", "lng": "-89.81044140564634", "slug": "lote-ciudad-maderas", "destacado": "si", "fecha": "2026-05-25", "descripcion": "Lote sobre desarrollo Ciudad Maderas, con amenidades premium", "fotos": "foto1.JPG,foto2.JPG,foto3.JPG,foto4.JPG,foto5.JPG", "estacionamiento": 0, "niveles": 0, "amueblado": "no", "antiguedad": 0, "frente_m": 0, "fondo_m": 0, "uso_suelo": "Habitacional", "coordenadas": "21.177224214315046,-89.81044140564634", "orientacion": null, "elevacion_msnm": 6, "ciudad": "Ciudad Maderas", "estado": "Yucatán", "transaccion": "venta", "desarrollo": "CIUDAD MADERAS", "vendido": "no", "inmobiliaria": null, "noLote": 4, "nombrecomplejo": "CONDOMINIO DURANTA" }, "geometry": { "type": "Polygon", "coordinates": [ [ [ -89.810393436761345, 21.177136511122715 ], [ -89.810482422821693, 21.17732778827197 ], [ -89.810390135315615, 21.177326874709212 ], [ -89.810389584530313, 21.177324448689255 ], [ -89.810285755957011, 21.177209867128191 ], [ -89.810393436761345, 21.177136511122715 ] ] ] } },
{ "type": "Feature", "properties": { "id": "MER_CAS_0008", "titulo": "Titulo de como describiria la casa o lote a vender", "precio": 9999999, "folder": "MER_CAS_0008", "preview": "preview.jpg", "status": "venta", "moneda": "MXN", "recamaras": 0, "banos": 0, "superficie_m2": 0, "tipo": "lote", "lat": "21.17725122049416", "lng": "-89.81062004922123", "slug": "lote-ciudad-maderas", "destacado": "si", "fecha": "2026-05-25", "descripcion": "Lote sobre desarrollo Ciudad Maderas, con amenidades premium", "fotos": "foto1.JPG,foto2.JPG,foto3.JPG,foto4.JPG,foto5.JPG", "estacionamiento": 0, "niveles": 0, "amueblado": "no", "antiguedad": 0, "frente_m": 0, "fondo_m": 0, "uso_suelo": "Habitacional", "coordenadas": "21.17725122049416,-89.81062004922123", "orientacion": null, "elevacion_msnm": 6, "ciudad": "Ciudad Maderas", "estado": "Yucatán", "transaccion": "venta", "desarrollo": "CIUDAD MADERAS", "vendido": "no", "inmobiliaria": null, "noLote": 5, "nombrecomplejo": "CONDOMINIO DURANTA" }, "geometry": { "type": "Polygon", "coordinates": [ [ [ -89.810452918777131, 21.17726436886262 ], [ -89.810632819216067, 21.177196931170009 ], [ -89.81066066481597, 21.177255367542976 ], [ -89.810659001606268, 21.177288015351529 ], [ -89.810639845187694, 21.177300098665455 ], [ -89.810625162562204, 21.177307562125691 ], [ -89.810484585072246, 21.177327809675685 ], [ -89.810482422821693, 21.17732778827197 ], [ -89.810452918777131, 21.17726436886262 ] ] ] } },
{ "type": "Feature", "properties": { "id": "MER_CAS_0008", "titulo": "Titulo de como describiria la casa o lote a vender", "precio": 9999999, "folder": "MER_CAS_0008", "preview": "preview.jpg", "status": "venta", "moneda": "MXN", "recamaras": 0, "banos": 0, "superficie_m2": 0, "tipo": "lote", "lat": "21.177182626493614", "lng": "-89.81058257677873", "slug": "lote-ciudad-maderas", "destacado": "si", "fecha": "2026-05-24", "descripcion": "Lote sobre desarrollo Ciudad Maderas, con amenidades premium", "fotos": "foto1.JPG,foto2.JPG,foto3.JPG,foto4.JPG,foto5.JPG", "estacionamiento": 0, "niveles": 0, "amueblado": "no", "antiguedad": 0, "frente_m": 0, "fondo_m": 0, "uso_suelo": "Habitacional", "coordenadas": "21.177182626493614,-89.81058257677873", "orientacion": null, "elevacion_msnm": 6, "ciudad": "Ciudad Maderas", "estado": "Yucatán", "transaccion": "venta", "desarrollo": "CIUDAD MADERAS", "vendido": "no", "inmobiliaria": null, "noLote": 6, "nombrecomplejo": "CONDOMINIO DURANTA" }, "geometry": { "type": "Polygon", "coordinates": [ [ [ -89.810424465600349, 21.177203208245214 ], [ -89.810604789223248, 21.177138107832729 ], [ -89.810632819216067, 21.177196931170009 ], [ -89.810452918777131, 21.17726436886262 ], [ -89.810424465600349, 21.177203208245214 ] ] ] } }
]
}
